precinct_id,srprec,county,county_numeric,city,classification_score,classification_category,total_voters,dem_margin_pct,prop_33_no_pct,dem_reg_pct,rep_reg_pct,dem_turnout_pct,rep_turnout_pct,progressive_vote_share,rep_dem_registration_ratio,biden_pct,williamson_pct,phillips_pct
23874,0084091,Ventura,1,Simi Valley,16.48,Progressive,184.0,-13.59,,40.52,28.3,32.07,45.65,18.52,0.696,79.63,12.96,5.56
23505,0084103,Ventura,1,Simi Valley,18.26,Progressive,119.0,14.29,,42.51,21.25,47.06,32.77,13.79,0.498,84.48,8.62,5.17
23897,0092066,Ventura,1,Thousand Oaks,18.64,Progressive,152.0,37.5,,50.09,20.63,61.84,24.34,11.95,0.411,85.87,5.43,6.52
20139,7100004B,Los Angeles,0,Unincorporated,19.09,Progressive,1364.0,51.25,,58.93,12.1,66.2,14.96,7.91,0.205,90.12,5.93,1.98
20560,9005918A,Los Angeles,0,Los Angeles,21.11,Progressive,1005.0,58.31,,66.06,11.53,71.04,12.74,6.1,0.174,93.62,2.55,3.55
20884,7100030A,Los Angeles,0,Unincorporated,21.5,Progressive,1233.0,54.5,,60.95,13.03,69.59,15.09,6.58,0.214,92.45,4.14,2.44
24461,0039004,Ventura,1,Moorpark,21.82,Progressive,143.0,60.84,,65.98,9.31,74.83,13.99,5.05,0.141,89.9,4.04,1.01
24263,0084005,Ventura,1,Simi Valley,22.16,Progressive,159.0,3.77,,39.1,29.19,42.77,38.99,15.87,0.743,82.54,11.11,4.76
19024,9001317C,Los Angeles,0,Los Angeles,22.9,Progressive,1085.0,52.17,,55.46,14.52,66.18,14.01,6.6,0.262,92.11,3.73,2.87
24473,0039016,Ventura,1,Moorpark,24.02,Progressive,108.0,29.63,,54.49,19.66,58.33,28.7,7.69,0.359,84.62,6.15,1.54
24490,0039010,Ventura,1,Moorpark,24.21,Progressive,184.0,23.37,,55.1,19.24,55.98,32.61,7.37,0.348,86.32,2.11,5.26
20225,9005833A,Los Angeles,0,Los Angeles,24.57,Progressive,1547.0,47.9,,56.27,15.91,64.64,16.74,5.95,0.283,92.91,2.82,3.13
23839,0092004,Ventura,1,Thousand Oaks,24.72,Progressive,256.0,24.22,,45.87,23.75,53.12,28.91,10.14,0.516,86.23,5.07,5.07
23833,0092001,Ventura,1,Thousand Oaks,25.3,Progressive,291.0,16.84,,47.08,23.7,50.17,33.33,9.52,0.502,87.76,7.48,2.04
19041,9001312A,Los Angeles,0,Los Angeles,25.42,Progressive,1446.0,44.81,,55.13,16.72,63.55,18.74,5.8,0.303,93.29,3.64,2.16
19658,9000267A,Los Angeles,0,Los Angeles,25.52,Progressive,1803.0,37.71,,54.19,19.48,59.51,21.8,6.77,0.359,91.98,2.71,4.06
19761,9007689A,Los Angeles,0,Los Angeles,26.11,Progressive,2266.0,41.17,,56.24,17.89,61.3,20.12,5.65,0.318,93.14,2.86,2.79
19717,9001382A,Los Angeles,0,Los Angeles,26.48,Progressive,1883.0,34.89,,54.05,20.8,58.58,23.69,6.64,0.385,92.8,2.58,4.06
23737,0006924,Ventura,1,Camarillo,26.5,Progressive,172.0,22.67,,42.3,28.28,50.0,27.33,11.76,0.665,87.06,9.41,2.35
20876,9001408A,Los Angeles,0,Los Angeles,27.05,Progressive,1032.0,23.84,,44.52,23.63,51.07,27.23,8.96,0.53,90.22,2.85,6.11
20760,9001364A,Los Angeles,0,Los Angeles,27.32,Progressive,1728.0,38.43,,55.79,18.96,61.11,22.69,5.3,0.34,93.8,2.3,3.0
20658,9001367B,Los Angeles,0,Los Angeles,27.85,Progressive,2251.0,34.12,,52.53,20.91,58.33,24.21,6.04,0.398,93.22,1.63,4.41
24288,0044010,Ventura,1,Unincorporated,27.94,Progressive,304.0,25.33,,45.73,22.68,51.64,26.32,7.75,0.494,89.68,1.94,5.81
19377,4060001A,Los Angeles,0,Unincorporated,27.96,Progressive,445.0,31.24,,44.3,24.23,55.06,23.82,8.68,0.546,89.67,6.2,2.48
24376,0084025,Ventura,1,Simi Valley,27.99,Progressive,205.0,4.88,,42.4,28.38,44.39,39.51,10.87,0.667,86.96,7.61,3.26
19704,1000006A,Los Angeles,0,Calabasas,28.07,Progressive,1023.0,32.55,,48.3,22.71,57.58,25.02,7.22,0.47,90.25,2.71,4.51
20596,0070006A,Los Angeles,0,Unincorporated,28.1,Progressive,701.0,37.8,,51.58,21.84,61.06,23.25,6.34,0.423,91.95,3.9,2.44
19661,1000009A,Los Angeles,0,Calabasas,28.14,Progressive,250.0,16.0,,41.95,27.48,46.0,30.0,10.52,0.653,87.72,5.26,5.26
24752,0007032,Ventura,1,Camarillo,28.55,Progressive,373.0,3.49,,40.72,28.2,43.7,40.21,10.97,0.691,85.16,7.74,3.23
20857,9001100A,Los Angeles,0,Los Angeles,28.66,Progressive,1386.0,28.28,,47.73,23.14,54.04,25.76,7.12,0.484,92.17,2.85,4.27
20112,2780002A,Los Angeles,0,Hidden Hills,28.92,Progressive,566.0,6.89,,38.75,31.7,42.4,35.51,13.04,0.816,84.78,7.39,5.65
20254,4050059B,Los Angeles,0,Malibu,29.02,Progressive,1127.0,27.68,,48.44,21.57,53.77,26.09,6.18,0.445,93.14,4.29,1.89
23939,0092031,Ventura,1,Thousand Oaks,29.43,Progressive,145.0,15.86,,41.83,22.51,45.52,29.66,7.58,0.536,92.42,4.55,3.03
23891,0092053,Ventura,1,Thousand Oaks,29.91,Progressive,185.0,28.65,,41.8,24.29,54.05,25.41,8.08,0.579,89.9,5.05,3.03
23968,0039032,Ventura,1,Moorpark,29.99,Progressive,169.0,21.3,,51.23,25.94,54.44,33.14,6.67,0.505,92.22,5.56,1.11
19246,1000011A,Los Angeles,0,Calabasas,30.0,Progressive,1161.0,20.59,,43.97,25.49,50.22,29.63,8.03,0.579,90.69,5.11,2.92
23991,0092094,Ventura,1,Thousand Oaks,30.26,Progressive,271.0,20.3,,45.3,27.18,51.29,31.0,8.21,0.598,89.55,5.22,2.99
24574,0092121,Ventura,1,Thousand Oaks,30.33,Progressive,226.0,15.93,,41.5,25.62,47.79,31.86,8.49,0.615,85.85,4.72,3.77
24168,0044001,Ventura,1,Unincorporated,30.45,Progressive,276.0,15.58,,45.79,29.49,51.45,35.87,8.89,0.641,90.37,1.48,7.41
24287,0044011,Ventura,1,Unincorporated,30.45,Progressive,306.0,33.33,,46.29,22.14,58.17,24.84,5.88,0.477,92.94,3.53,2.35
20892,9005428A,Los Angeles,0,Los Angeles,30.47,Progressive,1360.0,21.1,,44.16,23.79,50.29,29.19,6.99,0.538,92.7,2.64,4.35
24579,0092126,Ventura,1,Thousand Oaks,30.58,Progressive,119.0,-19.33,,36.58,36.91,31.09,50.42,15.38,1.0,84.62,7.69,7.69
24549,0092117,Ventura,1,Thousand Oaks,30.58,Progressive,159.0,32.7,,50.26,23.08,57.86,25.16,5.43,0.457,94.57,5.43,0.0
19361,9007693D,Los Angeles,0,Los Angeles,30.63,Progressive,1725.0,31.65,,49.33,22.74,56.58,24.93,5.47,0.461,93.8,2.63,2.84
24395,0084022,Ventura,1,Simi Valley,30.66,Progressive,235.0,-5.53,,41.4,28.94,40.0,45.53,9.78,0.697,89.13,4.35,5.43
20199,9005923A,Los Angeles,0,Los Angeles,30.91,Progressive,1926.0,30.79,,51.15,21.18,55.82,25.03,4.44,0.414,93.82,1.93,2.51
20632,0080007A,Los Angeles,0,Agoura Hills,31.12,Progressive,1580.0,24.11,,46.88,25.76,52.34,28.23,6.79,0.549,91.37,3.95,2.84
20464,4050051A,Los Angeles,0,Malibu,31.17,Progressive,1113.0,19.68,,46.46,24.55,50.58,30.91,6.37,0.528,92.71,3.64,2.73
24529,0092119,Ventura,1,Thousand Oaks,31.22,Progressive,120.0,12.5,,43.96,31.87,50.83,38.33,9.84,0.719,90.16,6.56,3.28
19203,1000015A,Los Angeles,0,Calabasas,31.25,Progressive,812.0,9.24,,41.96,24.18,43.72,34.48,7.19,0.576,89.52,4.79,2.4
19199,9001352A,Los Angeles,0,Los Angeles,31.31,Progressive,1627.0,30.92,,48.88,21.94,56.18,25.26,4.83,0.449,94.72,2.02,2.81
24687,0005300,Ventura,1,Unincorporated,31.36,Progressive,407.0,37.59,,51.4,18.69,60.2,22.6,3.23,0.363,94.74,2.02,1.21
23834,0092000,Ventura,1,Thousand Oaks,31.53,Progressive,178.0,28.09,,44.68,24.11,55.62,27.53,6.32,0.538,89.47,2.11,4.21
19190,1000016A,Los Angeles,0,Calabasas,31.8,Progressive,1177.0,32.29,,52.48,21.94,58.11,25.83,3.96,0.418,94.82,1.37,2.59
24260,0084006,Ventura,1,Simi Valley,31.94,Progressive,275.0,1.09,,37.26,31.49,38.55,37.45,11.65,0.842,82.52,4.85,6.8
20469,1000077A,Los Angeles,0,Calabasas,32.09,Progressive,1113.0,18.6,,46.93,27.05,50.49,31.9,6.68,0.576,92.76,3.34,3.34
24795,0007003,Ventura,1,Camarillo,32.39,Progressive,156.0,19.87,,41.28,26.16,50.0,30.13,7.5,0.631,90.0,1.25,6.25
23919,0039022,Ventura,1,Moorpark,32.43,Progressive,230.0,-3.04,,39.16,34.74,38.26,41.3,12.08,0.882,83.52,5.49,6.59
20685,0080004A,Los Angeles,0,Agoura Hills,32.64,Progressive,1091.0,23.01,,46.82,27.4,53.07,30.06,6.5,0.585,91.7,3.07,3.43
24576,0092124,Ventura,1,Thousand Oaks,32.66,Progressive,242.0,10.33,,41.14,27.0,42.56,32.23,7.76,0.654,90.29,4.85,2.91
24454,0039005,Ventura,1,Moorpark,32.75,Progressive,213.0,7.98,,43.33,26.32,45.07,37.09,6.82,0.606,89.77,3.41,3.41
23973,0092049,Ventura,1,Thousand Oaks,32.89,Progressive,132.0,22.73,,48.03,30.71,53.03,30.3,7.25,0.634,91.3,1.45,5.8
23864,0084099,Ventura,1,Simi Valley,33.09,Mainstream,331.0,-20.85,,35.65,37.69,32.33,53.17,14.82,1.054,84.26,10.19,4.63
24362,0084012,Ventura,1,Simi Valley,33.12,Mainstream,256.0,-17.58,,36.85,33.41,32.81,50.39,12.05,0.904,83.13,7.23,4.82
23634,0092103,Ventura,1,Thousand Oaks,33.15,Mainstream,430.0,24.42,,46.49,25.88,52.33,27.91,5.65,0.555,93.48,3.48,2.17
24172,0044005,Ventura,1,Unincorporated,33.17,Mainstream,252.0,26.19,,49.17,26.89,58.73,32.54,5.44,0.545,94.56,1.36,4.08
23902,0092061,Ventura,1,Thousand Oaks,33.22,Mainstream,511.0,23.68,,45.56,26.96,52.64,28.96,6.25,0.591,92.65,4.41,1.84
24170,0044003,Ventura,1,Unincorporated,33.3,Mainstream,261.0,28.74,,48.16,22.74,55.94,27.2,4.0,0.471,96.0,2.0,2.0
20756,4050002A,Los Angeles,0,Malibu,33.36,Mainstream,979.0,19.31,,45.35,24.35,49.44,30.13,5.17,0.536,94.42,2.48,2.69
23772,0092017,Ventura,1,Thousand Oaks,33.36,Mainstream,271.0,12.18,,40.81,26.37,46.13,33.95,7.15,0.644,92.86,5.56,1.59
23896,0092067,Ventura,1,Thousand Oaks,33.52,Mainstream,359.0,24.23,,46.6,25.76,51.53,27.3,5.35,0.552,92.51,4.28,1.07
24023,0092080,Ventura,1,Thousand Oaks,33.61,Mainstream,250.0,21.6,,42.69,23.64,50.4,28.8,5.3,0.552,90.91,3.03,2.27
23990,0092091,Ventura,1,Thousand Oaks,33.66,Mainstream,362.0,5.25,,39.34,32.49,45.03,39.78,10.24,0.823,89.16,3.61,6.63
20486,0070008A,Los Angeles,0,Unincorporated,33.69,Mainstream,360.0,10.83,,38.89,30.6,45.0,34.17,9.52,0.785,87.76,4.08,5.44
24741,0007041,Ventura,1,Camarillo,33.72,Mainstream,173.0,-26.01,,35.32,40.55,28.9,54.91,16.0,1.14,84.0,10.0,6.0
20282,0080054A,Los Angeles,0,Agoura Hills,34.0,Mainstream,636.0,14.47,,42.64,26.79,46.7,32.23,6.44,0.627,90.51,3.73,2.71
24166,0044000,Ventura,1,Unincorporated,34.04,Mainstream,267.0,20.22,,48.26,23.3,49.06,28.84,3.74,0.481,95.52,2.99,0.75
19353,0080070A,Los Angeles,0,Agoura Hills,34.23,Mainstream,1650.0,22.24,,44.73,27.2,51.88,29.64,5.94,0.608,92.12,1.94,4.0
20352,0080050A,Los Angeles,0,Agoura Hills,34.34,Mainstream,1595.0,17.24,,44.72,26.67,49.78,32.54,5.66,0.596,92.73,2.83,2.83
23836,0092003,Ventura,1,Thousand Oaks,34.41,Mainstream,143.0,20.98,,43.58,22.35,50.35,29.37,4.05,0.511,93.24,2.7,1.35
20393,1000033A,Los Angeles,0,Calabasas,34.47,Mainstream,969.0,16.2,,43.26,26.99,48.61,32.4,6.08,0.623,91.22,2.25,3.83
24537,0092110,Ventura,1,Thousand Oaks,34.58,Mainstream,354.0,23.16,,46.72,28.42,54.8,31.64,5.7,0.606,93.26,2.07,3.63
24459,0039002,Ventura,1,Moorpark,34.66,Mainstream,233.0,11.59,,48.39,24.14,45.92,34.33,3.66,0.498,91.74,1.83,1.83
23528,0084101,Ventura,1,Simi Valley,34.86,Mainstream,298.0,1.68,,37.44,29.57,40.6,38.93,8.85,0.788,89.38,5.31,3.54
24728,0007029,Ventura,1,Camarillo,35.03,Mainstream,275.0,12.0,,42.6,31.26,47.27,35.27,7.7,0.731,92.31,4.62,3.08
23992,0092093,Ventura,1,Thousand Oaks,35.09,Mainstream,295.0,-1.02,,38.01,31.0,40.68,41.69,9.16,0.812,90.0,5.83,3.33
24346,0084042,Ventura,1,Simi Valley,35.11,Mainstream,280.0,0.36,,41.24,31.63,41.79,41.43,8.27,0.765,90.91,5.79,2.48
24009,0092079,Ventura,1,Thousand Oaks,35.16,Mainstream,185.0,32.43,,44.71,23.11,55.14,22.7,3.67,0.515,94.5,3.67,0.0
24272,0084009,Ventura,1,Simi Valley,35.21,Mainstream,368.0,-16.58,,37.79,33.74,35.05,51.63,10.52,0.891,85.09,5.26,5.26
24289,0044013,Ventura,1,Unincorporated,35.39,Mainstream,269.0,20.45,,46.6,24.3,50.19,29.74,3.62,0.52,95.65,1.45,2.17
24293,0044014,Ventura,1,Unincorporated,35.47,Mainstream,369.0,24.93,,47.12,26.38,54.2,29.27,4.27,0.558,94.31,1.9,2.37
20504,7770001A,Los Angeles,0,Westlake Village,35.52,Mainstream,347.0,8.93,,39.48,30.14,45.24,36.31,7.95,0.761,88.74,1.99,5.96
24491,0039013,Ventura,1,Moorpark,35.61,Mainstream,346.0,-8.67,,36.62,36.09,36.13,44.8,11.94,0.982,87.31,5.97,5.97
23511,0084104,Ventura,1,Simi Valley,35.64,Mainstream,235.0,-8.51,,37.73,35.23,38.72,47.23,10.98,0.93,85.37,9.76,1.22
24348,0084044,Ventura,1,Simi Valley,35.8,Mainstream,213.0,-8.45,,37.77,34.26,36.62,45.07,10.39,0.903,80.52,3.9,6.49
24279,0084002,Ventura,1,Simi Valley,36.06,Mainstream,390.0,-1.03,,40.63,29.61,41.28,42.31,7.0,0.727,86.62,5.73,1.27
24169,0044004,Ventura,1,Unincorporated,36.16,Mainstream,348.0,18.97,,44.41,29.66,53.45,34.48,5.81,0.666,93.02,0.0,5.81
24011,0092072,Ventura,1,Thousand Oaks,36.17,Mainstream,373.0,4.29,,39.14,34.84,44.77,40.48,9.87,0.888,87.65,3.7,6.17
24573,0092122,Ventura,1,Thousand Oaks,36.58,Mainstream,379.0,-8.44,,37.58,35.26,36.68,45.12,10.49,0.935,89.51,2.8,7.69
24373,0084026,Ventura,1,Simi Valley,36.74,Mainstream,309.0,-8.41,,37.18,36.58,35.28,43.69,11.22,0.981,85.71,7.14,4.08
20541,0070005A,Los Angeles,0,Unincorporated,36.76,Mainstream,606.0,7.26,,40.21,30.31,44.72,37.46,7.03,0.752,88.28,5.08,1.95
24156,0044009,Ventura,1,Unincorporated,36.85,Mainstream,419.0,14.32,,42.57,33.22,49.88,35.56,7.45,0.778,92.09,2.33,5.12
23996,0092097,Ventura,1,Thousand Oaks,36.86,Mainstream,366.0,9.02,,40.98,31.41,45.36,36.34,7.18,0.764,89.82,3.59,3.59
24460,0039001,Ventura,1,Moorpark,36.94,Mainstream,286.0,6.64,,43.53,29.83,45.1,38.46,5.65,0.683,92.74,3.23,2.42
24456,0039007,Ventura,1,Moorpark,36.95,Mainstream,334.0,7.19,,41.48,29.32,43.41,36.23,6.04,0.705,93.96,4.03,2.01
23800,0092028,Ventura,1,Thousand Oaks,37.15,Mainstream,174.0,-7.47,,38.78,31.75,39.08,46.55,7.93,0.815,85.71,4.76,3.17
23787,0084065,Ventura,1,Simi Valley,37.16,Mainstream,387.0,-3.1,,40.77,34.96,39.79,42.89,8.67,0.855,89.33,4.0,4.67
24138,0099000,Ventura,1,Unincorporated,37.28,Mainstream,139.0,23.02,,44.13,23.81,49.64,26.62,2.74,0.536,91.78,2.74,0.0
23399,0007002,Ventura,1,Camarillo,37.31,Mainstream,292.0,-6.51,,37.83,34.34,38.7,45.21,9.48,0.905,88.79,3.45,6.03
24026,0092082,Ventura,1,Thousand Oaks,37.63,Mainstream,417.0,12.95,,42.84,29.74,47.0,34.05,5.39,0.692,93.63,3.92,1.47
23929,0092037,Ventura,1,Thousand Oaks,37.67,Mainstream,415.0,5.3,,40.74,31.47,43.61,38.31,6.8,0.77,89.01,2.09,4.71
24760,0007035,Ventura,1,Camarillo,37.75,Mainstream,112.0,3.57,,34.82,29.76,41.07,37.5,8.16,0.847,91.84,2.04,6.12
24290,0044012,Ventura,1,Unincorporated,37.75,Mainstream,364.0,14.84,,46.29,26.02,49.73,34.89,2.91,0.561,96.51,0.58,2.33
24296,0044016,Ventura,1,Unincorporated,37.88,Mainstream,223.0,18.39,,46.05,23.52,49.78,31.39,1.87,0.509,96.26,1.87,0.0
23984,0092041,Ventura,1,Thousand Oaks,37.89,Mainstream,367.0,8.17,,40.29,30.97,44.41,36.24,6.59,0.766,91.62,5.99,0.6
23907,0092064,Ventura,1,Thousand Oaks,38.13,Mainstream,262.0,15.65,,42.18,31.3,47.33,31.68,5.93,0.739,91.53,5.93,0.0
24734,0007023,Ventura,1,Camarillo,38.16,Mainstream,286.0,-5.59,,37.82,33.93,35.66,41.26,8.74,0.893,89.32,5.83,2.91
24013,0092074,Ventura,1,Thousand Oaks,38.34,Mainstream,378.0,18.25,,44.19,29.05,51.59,33.33,4.28,0.656,95.19,1.07,3.21
23904,0092063,Ventura,1,Thousand Oaks,38.41,Mainstream,383.0,3.92,,42.87,31.97,44.65,40.73,5.85,0.744,92.98,2.34,3.51
24334,0084031,Ventura,1,Simi Valley,38.54,Mainstream,351.0,7.12,,41.66,32.34,45.87,38.75,6.33,0.774,90.51,4.43,1.9
24754,0007031,Ventura,1,Camarillo,38.65,Mainstream,185.0,9.73,,40.25,31.5,44.32,34.59,6.33,0.778,93.67,2.53,3.8
23508,0007054,Ventura,1,Camarillo,38.68,Mainstream,334.0,11.68,,38.58,31.32,46.41,34.73,6.88,0.809,90.0,4.38,2.5
24755,0007034,Ventura,1,Camarillo,38.72,Mainstream,344.0,5.81,,40.8,33.08,44.48,38.66,6.84,0.808,91.78,3.42,3.42
23988,0092099,Ventura,1,Thousand Oaks,38.8,Mainstream,310.0,12.26,,38.5,31.88,45.81,33.55,7.1,0.825,92.2,3.55,3.55
23764,0092011,Ventura,1,Thousand Oaks,38.83,Mainstream,239.0,-4.6,,38.35,33.45,40.59,45.19,7.87,0.868,91.01,5.62,2.25
24015,0092076,Ventura,1,Thousand Oaks,38.91,Mainstream,288.0,20.83,,43.73,26.21,51.04,30.21,2.86,0.597,95.71,1.43,1.43
24171,0044006,Ventura,1,Unincorporated,39.22,Mainstream,194.0,15.98,,44.99,31.05,50.0,34.02,4.3,0.686,93.55,2.15,2.15
24254,0084004,Ventura,1,Simi Valley,39.25,Mainstream,286.0,-5.94,,36.43,34.31,38.11,44.06,8.91,0.939,87.13,8.91,0.0
23798,0092029,Ventura,1,Thousand Oaks,39.4,Mainstream,300.0,9.0,,41.37,35.21,47.33,38.33,7.14,0.847,91.43,3.57,3.57
24335,0084030,Ventura,1,Simi Valley,39.47,Mainstream,295.0,-2.71,,36.88,34.81,41.36,44.07,8.8,0.94,88.8,4.8,4.0
19149,7770030A,Los Angeles,0,Westlake Village,39.51,Mainstream,1299.0,10.24,,43.1,30.82,45.65,35.41,4.64,0.715,93.65,2.92,1.72
23791,0092023,Ventura,1,Thousand Oaks,39.68,Mainstream,390.0,0.77,,35.38,33.33,40.51,39.74,8.64,0.939,87.04,4.32,4.32
23866,0084098,Ventura,1,Simi Valley,39.83,Mainstream,244.0,-4.92,,39.79,30.87,38.93,43.85,5.5,0.773,92.31,2.2,3.3
23887,0092051,Ventura,1,Thousand Oaks,39.87,Mainstream,507.0,-3.16,,35.97,35.78,39.25,42.41,9.5,0.992,89.0,5.0,4.5
23789,0084068,Ventura,1,Simi Valley,40.0,Mainstream,340.0,-6.47,,37.08,32.38,38.82,45.29,7.2,0.871,90.4,4.0,3.2
23629,0092100,Ventura,1,Thousand Oaks,40.22,Mainstream,430.0,15.81,,43.08,31.97,50.93,35.12,4.67,0.74,93.46,2.8,1.87
24151,0044008,Ventura,1,Unincorporated,40.23,Mainstream,353.0,9.63,,43.26,26.84,44.48,34.84,2.44,0.619,96.95,1.22,1.22
24551,0092116,Ventura,1,Thousand Oaks,40.36,Mainstream,302.0,-6.95,,38.88,33.18,37.42,44.37,6.61,0.851,93.4,1.89,4.72
23796,0092027,Ventura,1,Thousand Oaks,40.48,Mainstream,427.0,-6.32,,36.51,35.7,37.0,43.33,8.8,0.974,89.94,5.03,3.77
24496,0039014,Ventura,1,Moorpark,40.53,Mainstream,319.0,5.96,,38.1,34.92,44.2,38.24,7.64,0.913,90.97,2.08,5.56
24499,0095006,Ventura,1,Unincorporated,40.59,Mainstream,325.0,5.54,,40.37,33.73,44.0,38.46,6.12,0.832,92.52,4.08,2.04
24534,0092111,Ventura,1,Thousand Oaks,40.62,Mainstream,249.0,4.82,,42.83,31.69,44.58,39.76,4.35,0.736,95.65,3.48,0.87
23985,0092040,Ventura,1,Thousand Oaks,40.66,Mainstream,457.0,3.94,,39.41,32.31,43.54,39.61,5.82,0.818,90.29,4.85,0.97
23986,0092043,Ventura,1,Thousand Oaks,40.74,Mainstream,389.0,13.62,,42.47,29.97,46.79,33.16,3.68,0.704,94.74,1.05,2.63
23652,0084078,Ventura,1,Simi Valley,40.85,Mainstream,197.0,6.09,,41.47,29.05,44.67,38.58,3.49,0.697,96.51,2.33,1.16
23924,0039024,Ventura,1,Moorpark,40.87,Mainstream,460.0,-5.65,,37.64,36.2,39.57,45.22,8.28,0.959,88.4,5.52,2.76
23905,0092062,Ventura,1,Thousand Oaks,40.96,Mainstream,380.0,-1.58,,37.92,28.78,39.47,41.05,4.52,0.757,94.19,1.29,3.23
23903,0092060,Ventura,1,Thousand Oaks,41.03,Mainstream,221.0,7.69,,40.39,31.39,43.44,35.75,4.76,0.772,94.29,3.81,0.95
23620,0092107,Ventura,1,Thousand Oaks,41.1,Mainstream,397.0,3.78,,38.14,33.13,43.32,39.55,6.43,0.866,92.98,4.68,1.75
23927,0092038,Ventura,1,Thousand Oaks,41.23,Mainstream,448.0,12.95,,45.8,28.46,48.44,35.49,1.84,0.62,96.77,0.92,0.92
23783,0084063,Ventura,1,Simi Valley,41.28,Mainstream,353.0,-1.98,,39.78,33.22,40.23,42.21,5.71,0.833,90.71,2.14,3.57
24361,0084013,Ventura,1,Simi Valley,41.48,Mainstream,297.0,5.05,,40.25,31.01,44.44,39.39,4.41,0.768,89.71,2.94,1.47
24317,0006908,Ventura,1,Camarillo,41.67,Mainstream,569.0,13.36,,44.76,35.17,48.33,34.97,4.57,0.783,94.74,2.46,2.11
24455,0039008,Ventura,1,Moorpark,41.69,Mainstream,274.0,-9.49,,34.98,35.49,37.96,47.45,8.7,1.01,89.13,4.35,4.35
23768,0092015,Ventura,1,Thousand Oaks,41.7,Mainstream,346.0,-3.18,,36.69,34.39,38.15,41.33,7.3,0.934,91.24,3.65,3.65
23765,0092014,Ventura,1,Thousand Oaks,41.73,Mainstream,274.0,-7.3,,35.44,36.78,35.77,43.07,9.09,1.032,88.89,4.04,5.05
23473,0007052,Ventura,1,Camarillo,41.78,Mainstream,286.0,1.4,,40.77,31.54,40.21,38.81,4.27,0.771,94.02,3.42,0.85
24398,0084021,Ventura,1,Simi Valley,41.81,Mainstream,305.0,-16.72,,34.51,40.08,34.75,51.48,11.32,1.157,83.96,3.77,7.55
24007,0092078,Ventura,1,Thousand Oaks,41.82,Mainstream,409.0,-3.42,,37.92,30.56,38.63,42.05,4.85,0.804,95.15,3.03,1.82
23633,0092104,Ventura,1,Thousand Oaks,41.88,Mainstream,435.0,4.83,,40.05,32.02,41.38,36.55,4.68,0.797,94.79,2.08,2.6
24379,0084028,Ventura,1,Simi Valley,41.88,Mainstream,110.0,21.82,,40.38,29.49,52.73,30.91,3.39,0.726,94.92,0.0,3.39
24014,0092073,Ventura,1,Thousand Oaks,42.12,Mainstream,502.0,-2.59,,39.75,34.04,39.24,41.83,5.58,0.854,92.89,2.03,3.55
24453,0039006,Ventura,1,Moorpark,42.14,Mainstream,325.0,4.0,,38.99,33.65,42.77,38.77,5.68,0.86,90.78,4.26,1.42
23993,0092096,Ventura,1,Thousand Oaks,42.18,Mainstream,344.0,9.59,,42.12,31.98,45.93,36.34,3.76,0.756,95.63,0.63,3.13
24354,0084014,Ventura,1,Simi Valley,42.23,Mainstream,189.0,-14.29,,34.37,32.74,35.45,49.74,7.25,0.949,89.86,1.45,5.8
23885,0092052,Ventura,1,Thousand Oaks,42.25,Mainstream,233.0,3.43,,40.3,33.22,45.06,41.63,4.9,0.821,92.16,4.9,0.0
23922,0039021,Ventura,1,Moorpark,42.34,Mainstream,407.0,5.41,,40.56,31.57,43.0,37.59,4.02,0.776,94.83,2.3,1.72
23794,0092025,Ventura,1,Thousand Oaks,42.38,Mainstream,335.0,-2.39,,33.76,32.23,35.82,38.21,7.2,0.951,91.2,4.0,3.2
24593,0092120,Ventura,1,Thousand Oaks,42.45,Mainstream,266.0,19.55,,42.61,23.94,48.5,28.95,0.0,0.56,99.21,0.0,0.0
23987,0092042,Ventura,1,Thousand Oaks,42.46,Mainstream,427.0,-2.81,,38.0,34.53,39.11,41.92,6.32,0.906,92.53,1.72,4.6
24474,0039019,Ventura,1,Moorpark,42.5,Mainstream,319.0,-10.66,,35.92,35.79,36.05,46.71,7.89,0.993,92.11,2.63,5.26
24021,0092081,Ventura,1,Thousand Oaks,42.55,Mainstream,322.0,14.91,,40.15,28.61,46.89,31.99,2.68,0.71,96.64,0.67,2.01
24585,0092127,Ventura,1,Thousand Oaks,42.61,Mainstream,235.0,3.4,,39.73,35.17,44.68,41.28,5.77,0.881,93.27,1.92,3.85
23803,0092021,Ventura,1,Thousand Oaks,42.79,Mainstream,523.0,-2.1,,38.27,32.96,38.81,40.92,5.26,0.859,94.26,2.39,2.87
23840,0092007,Ventura,1,Thousand Oaks,42.88,Mainstream,393.0,-5.6,,36.65,35.68,38.68,44.27,7.24,0.97,91.45,3.95,3.29
24321,0084037,Ventura,1,Simi Valley,42.98,Mainstream,366.0,-7.92,,36.48,33.55,36.07,43.99,6.21,0.917,92.25,3.88,2.33
23449,0084110,Ventura,1,Simi Valley,43.07,Mainstream,319.0,-27.9,,29.79,39.84,26.33,54.23,13.75,1.332,81.25,7.5,6.25
23644,0084072,Ventura,1,Simi Valley,43.08,Mainstream,276.0,-18.84,,30.35,40.05,32.25,51.09,13.42,1.314,86.59,10.98,2.44
23700,0084085,Ventura,1,Simi Valley,43.13,Mainstream,335.0,-6.87,,36.26,32.79,36.72,43.58,5.83,0.901,91.67,3.33,2.5
24509,0095009,Ventura,1,Unincorporated,43.14,Mainstream,379.0,-1.06,,39.89,33.6,41.69,42.74,4.69,0.84,91.28,2.01,2.68
24740,0007026,Ventura,1,Camarillo,43.23,Mainstream,157.0,-7.64,,38.39,36.73,38.22,45.86,6.67,0.951,90.0,5.0,1.67
23775,0084069,Ventura,1,Simi Valley,43.24,Mainstream,341.0,-1.17,,33.18,36.07,40.18,41.35,9.09,1.083,90.08,2.48,6.61
24381,0084027,Ventura,1,Simi Valley,43.33,Mainstream,294.0,-18.71,,34.48,37.07,32.31,51.02,8.82,1.072,89.22,6.86,1.96
24268,0084007,Ventura,1,Simi Valley,43.36,Mainstream,380.0,-15.0,,33.56,42.34,34.21,49.21,12.21,1.258,87.79,6.87,5.34
23971,0092046,Ventura,1,Thousand Oaks,43.52,Mainstream,229.0,9.17,,41.05,30.79,45.41,36.24,2.73,0.746,96.36,1.82,0.91
23868,0092055,Ventura,1,Thousand Oaks,43.59,Mainstream,326.0,2.76,,42.29,35.08,44.17,41.41,4.17,0.827,93.75,0.0,4.17
24257,0084003,Ventura,1,Simi Valley,43.68,Mainstream,195.0,-14.87,,34.44,35.56,34.36,49.23,7.81,1.028,92.19,7.81,0.0
23676,0006910,Ventura,1,Camarillo,43.69,Mainstream,570.0,16.67,,46.46,34.78,51.05,34.39,2.64,0.746,95.38,0.99,1.65
23869,0092058,Ventura,1,Thousand Oaks,43.72,Mainstream,467.0,0.86,,39.73,32.84,41.33,40.47,4.05,0.824,93.43,2.53,1.52
23666,0084071,Ventura,1,Simi Valley,43.75,Mainstream,258.0,-1.16,,39.27,32.18,39.15,40.31,3.88,0.816,95.15,0.0,3.88
23509,0084105,Ventura,1,Simi Valley,43.91,Mainstream,335.0,-1.19,,40.6,33.05,40.6,41.79,3.7,0.812,91.85,1.48,2.22
23938,0024001,Ventura,1,Unincorporated,44.05,Mainstream,211.0,10.43,,42.86,26.45,45.5,35.07,0.0,0.614,100.0,0.0,0.0
23439,0084113,Ventura,1,Simi Valley,44.19,Mainstream,224.0,2.68,,36.18,35.7,43.75,41.07,6.66,0.983,92.22,3.33,3.33
23974,0039037,Ventura,1,Moorpark,44.21,Mainstream,350.0,-2.0,,35.1,36.19,38.29,40.29,7.47,1.027,91.79,2.99,4.48
24545,0092115,Ventura,1,Thousand Oaks,44.24,Mainstream,223.0,-10.31,,35.01,37.02,34.53,44.84,7.89,1.051,90.79,5.26,2.63
24457,0039009,Ventura,1,Moorpark,44.37,Mainstream,311.0,2.25,,39.18,32.32,43.41,41.16,3.6,0.822,96.4,1.44,2.16
23707,0084089,Ventura,1,Simi Valley,44.44,Mainstream,342.0,2.92,,40.05,33.0,42.4,39.47,3.55,0.821,92.2,2.13,1.42
24347,0084041,Ventura,1,Simi Valley,44.54,Mainstream,292.0,-13.36,,34.91,38.06,34.59,47.95,8.34,1.086,88.54,3.13,5.21
23949,0024000,Ventura,1,Unincorporated,44.57,Mainstream,387.0,6.2,,38.61,33.04,44.19,37.98,4.05,0.853,92.49,2.89,1.16
24462,0039003,Ventura,1,Moorpark,44.6,Mainstream,247.0,1.62,,37.8,32.3,40.89,39.27,4.0,0.851,93.0,2.0,2.0
23670,0084070,Ventura,1,Simi Valley,44.69,Mainstream,298.0,-17.45,,36.98,36.25,33.22,50.67,6.25,0.977,91.67,2.08,4.17
24054,0014202,Ventura,1,Unincorporated,44.72,Mainstream,204.0,-3.92,,38.54,35.0,42.16,46.08,4.88,0.903,95.12,3.66,1.22
24018,0092088,Ventura,1,Thousand Oaks,44.76,Mainstream,562.0,2.49,,36.94,36.21,42.53,40.04,6.22,0.978,92.12,2.49,3.73
24000,0092090,Ventura,1,Thousand Oaks,44.78,Mainstream,300.0,9.0,,38.54,32.49,45.0,36.0,3.68,0.84,96.32,2.21,1.47
23728,0084059,Ventura,1,Simi Valley,44.88,Mainstream,415.0,-6.27,,33.33,38.19,38.31,44.58,9.15,1.142,87.8,4.88,4.27
23867,0092056,Ventura,1,Thousand Oaks,45.14,Mainstream,277.0,-1.81,,40.36,32.43,39.35,41.16,2.73,0.8,97.27,2.73,0.0
23684,0006913,Ventura,1,Camarillo,45.35,Mainstream,351.0,2.85,,42.01,36.23,44.73,41.88,3.68,0.859,95.09,1.84,1.84
23773,0092010,Ventura,1,Thousand Oaks,45.47,Mainstream,252.0,0.0,,36.78,32.37,40.08,40.08,3.92,0.876,95.1,1.96,1.96
23906,0092065,Ventura,1,Thousand Oaks,45.53,Mainstream,298.0,5.7,,41.81,34.78,44.3,38.59,3.01,0.829,94.74,0.75,2.26
23881,0084092,Ventura,1,Simi Valley,45.58,Mainstream,227.0,-9.69,,39.88,32.2,37.44,47.14,2.54,0.804,93.67,1.27,1.27
24324,0084036,Ventura,1,Simi Valley,45.61,Mainstream,346.0,-22.54,,34.08,33.99,28.32,50.87,6.0,0.995,92.0,5.0,1.0
24360,0084010,Ventura,1,Simi Valley,45.68,Mainstream,324.0,-12.35,,37.89,35.31,36.11,48.46,4.76,0.929,90.48,3.81,0.95
23515,0084106,Ventura,1,Simi Valley,45.7,Mainstream,246.0,-4.07,,36.57,36.87,39.84,43.9,6.12,1.004,92.86,5.1,1.02
23841,0092006,Ventura,1,Thousand Oaks,45.77,Mainstream,208.0,2.4,,37.72,34.7,43.27,40.87,4.44,0.915,94.44,3.33,1.11
24540,0092113,Ventura,1,Thousand Oaks,45.84,Mainstream,287.0,7.67,,39.62,33.74,44.6,36.93,3.17,0.848,96.83,0.0,3.17
24729,0007028,Ventura,1,Camarillo,45.9,Mainstream,205.0,9.27,,37.5,36.36,44.88,35.61,5.26,0.964,92.63,4.21,1.05
24502,0095005,Ventura,1,Unincorporated,46.07,Mainstream,234.0,-6.84,,36.13,38.49,37.18,44.02,6.9,1.059,93.1,4.6,2.3
23520,0084108,Ventura,1,Simi Valley,46.1,Mainstream,243.0,-2.47,,34.26,35.4,39.51,41.98,6.32,1.028,91.58,0.0,6.32
23730,0006922,Ventura,1,Camarillo,46.12,Mainstream,259.0,-2.7,,37.61,33.84,39.0,41.7,3.88,0.896,94.17,1.94,1.94
23967,0092044,Ventura,1,Thousand Oaks,46.23,Mainstream,362.0,0.83,,36.65,33.66,40.06,39.23,4.16,0.915,95.14,3.47,0.69
24010,0092070,Ventura,1,Thousand Oaks,46.28,Mainstream,362.0,-1.38,,37.05,35.29,40.61,41.99,4.76,0.949,94.56,3.4,1.36
24012,0092071,Ventura,1,Thousand Oaks,46.34,Mainstream,369.0,-3.52,,36.43,37.17,41.46,44.99,5.96,1.017,92.05,3.31,2.65
24756,0007033,Ventura,1,Camarillo,46.37,Mainstream,287.0,7.67,,39.87,31.2,44.6,36.93,1.6,0.78,95.2,0.8,0.8
23918,0092034,Ventura,1,Thousand Oaks,46.43,Mainstream,248.0,-7.26,,36.29,38.19,35.89,43.15,6.45,1.047,93.55,4.3,2.15
24028,0092084,Ventura,1,Thousand Oaks,46.46,Mainstream,192.0,-18.23,,27.83,38.68,29.69,47.92,12.5,1.378,87.5,6.25,6.25
24027,0092085,Ventura,1,Thousand Oaks,46.48,Mainstream,439.0,-1.59,,35.86,37.38,40.77,42.37,6.28,1.039,92.0,1.71,4.57
23767,0092016,Ventura,1,Thousand Oaks,46.51,Mainstream,345.0,-1.16,,37.92,33.82,38.84,40.0,3.5,0.888,95.8,2.8,0.7
24352,0084045,Ventura,1,Simi Valley,46.55,Mainstream,319.0,6.9,,39.11,30.45,42.95,36.05,1.42,0.776,93.62,0.71,0.71
24577,0092123,Ventura,1,Thousand Oaks,46.62,Mainstream,279.0,3.23,,36.91,34.15,42.65,39.43,4.03,0.921,93.55,2.42,1.61
24515,0095000,Ventura,1,Unincorporated,46.63,Mainstream,386.0,11.92,,38.43,29.56,44.3,32.38,1.2,0.767,96.99,0.6,0.6
23831,0092009,Ventura,1,Thousand Oaks,46.64,Mainstream,413.0,-1.69,,37.61,34.03,38.74,40.44,3.68,0.903,95.71,0.61,3.07
23702,0084088,Ventura,1,Simi Valley,46.66,Mainstream,395.0,-11.39,,35.5,40.17,37.97,49.37,7.8,1.128,90.07,5.67,2.13
20070,7770011A,Los Angeles,0,Westlake Village,46.78,Mainstream,1400.0,-0.21,,37.38,35.93,41.0,41.21,4.65,0.96,94.28,1.79,2.86
23474,0007051,Ventura,1,Camarillo,46.88,Mainstream,312.0,0.0,,39.75,34.94,42.31,42.31,3.04,0.876,93.18,1.52,1.52
23651,0084079,Ventura,1,Simi Valley,46.89,Mainstream,172.0,-11.05,,38.19,31.22,34.3,45.35,1.89,0.813,96.23,1.89,0.0
23935,0092030,Ventura,1,Thousand Oaks,46.93,Mainstream,278.0,7.55,,40.76,32.8,42.81,35.25,1.64,0.801,98.36,1.64,0.0
24338,0084032,Ventura,1,Simi Valley,47.08,Mainstream,192.0,-16.67,,35.78,35.78,30.73,47.4,5.08,0.994,94.92,1.69,3.39
24721,0007030,Ventura,1,Camarillo,47.12,Mainstream,336.0,-7.14,,33.19,35.01,35.12,42.26,6.09,1.05,93.04,1.74,4.35
23487,0007049,Ventura,1,Camarillo,47.12,Mainstream,155.0,7.1,,40.11,32.2,43.23,36.13,1.49,0.799,95.52,1.49,0.0
23681,0006911,Ventura,1,Camarillo,47.3,Mainstream,465.0,7.96,,45.93,37.8,47.74,39.78,1.76,0.82,97.36,0.88,0.88
23779,0084061,Ventura,1,Simi Valley,47.53,Mainstream,208.0,-15.38,,33.43,33.43,31.73,47.12,4.84,0.996,90.32,3.23,1.61
23718,0084082,Ventura,1,Simi Valley,47.58,Mainstream,396.0,-17.93,,31.65,38.94,31.31,49.24,9.02,1.226,89.34,6.56,2.46
24731,0007021,Ventura,1,Camarillo,47.58,Mainstream,397.0,15.11,,43.35,35.41,50.13,35.01,1.47,0.813,97.55,0.49,0.98
23832,0092008,Ventura,1,Thousand Oaks,47.6,Mainstream,396.0,-3.54,,38.22,33.4,38.13,41.67,2.52,0.872,96.23,0.0,2.52
23715,0084080,Ventura,1,Simi Valley,47.77,Mainstream,358.0,-12.57,,35.01,35.88,34.92,47.49,5.17,1.022,93.1,3.45,1.72
23777,0084062,Ventura,1,Simi Valley,47.78,Mainstream,319.0,6.27,,39.11,32.11,44.2,37.93,1.44,0.819,94.96,0.0,1.44
24738,0007024,Ventura,1,Camarillo,47.84,Mainstream,236.0,0.0,,35.21,32.77,38.98,38.98,3.37,0.926,94.38,0.0,3.37
23870,0092057,Ventura,1,Thousand Oaks,48.01,Mainstream,361.0,-5.82,,36.74,37.16,39.34,45.15,4.76,1.008,95.24,2.72,2.04
23908,0039028,Ventura,1,Moorpark,48.04,Mainstream,124.0,-23.39,,37.5,38.37,33.06,56.45,4.88,1.015,95.12,2.44,2.44
24472,0039017,Ventura,1,Moorpark,48.1,Mainstream,345.0,-7.83,,35.11,37.06,37.68,45.51,5.51,1.052,93.7,3.94,1.57
23722,0006921,Ventura,1,Camarillo,48.13,Mainstream,463.0,-22.46,,29.61,43.89,30.45,52.92,13.28,1.477,85.31,6.99,6.29
23860,0084097,Ventura,1,Simi Valley,48.13,Mainstream,399.0,-17.04,,33.18,40.9,31.83,48.87,8.73,1.228,85.71,1.59,7.14
23792,0084067,Ventura,1,Simi Valley,48.25,Mainstream,385.0,-6.49,,35.33,36.67,37.4,43.9,5.1,1.034,92.99,2.55,2.55
23631,0092101,Ventura,1,Thousand Oaks,48.35,Mainstream,303.0,-3.96,,35.64,36.71,37.95,41.91,4.88,1.026,95.12,0.81,4.07
24345,0084040,Ventura,1,Simi Valley,48.48,Mainstream,234.0,-17.09,,31.55,37.54,34.62,51.71,7.7,1.184,89.74,3.85,3.85
23964,0092045,Ventura,1,Thousand Oaks,48.56,Mainstream,346.0,-1.16,,38.57,37.07,41.33,42.49,3.5,0.958,95.8,2.1,1.4
24543,0092112,Ventura,1,Thousand Oaks,48.57,Mainstream,309.0,1.94,,37.92,36.6,43.69,41.75,3.55,0.96,95.74,2.13,1.42
24355,0084017,Ventura,1,Simi Valley,48.58,Mainstream,193.0,4.15,,38.0,34.6,44.04,39.9,2.54,0.906,92.41,1.27,1.27
23921,0092033,Ventura,1,Thousand Oaks,48.6,Mainstream,253.0,-6.72,,34.36,36.77,37.94,44.66,5.44,1.065,93.48,1.09,4.35
24316,0006909,Ventura,1,Camarillo,48.69,Mainstream,469.0,4.69,,43.41,40.19,46.06,41.36,2.78,0.923,96.3,0.93,1.85
23781,0084064,Ventura,1,Simi Valley,48.72,Mainstream,481.0,-8.11,,34.83,40.3,37.42,45.53,6.99,1.153,90.32,2.15,4.84
23872,0092059,Ventura,1,Thousand Oaks,48.79,Mainstream,463.0,-1.08,,39.76,35.21,41.9,42.98,2.0,0.883,97.5,1.0,1.0
24313,0006904,Ventura,1,Camarillo,48.8,Mainstream,452.0,-1.33,,36.6,36.08,40.04,41.37,3.82,0.983,95.08,1.09,2.73
23925,0092035,Ventura,1,Thousand Oaks,48.86,Mainstream,333.0,-1.8,,36.07,39.18,41.14,42.94,5.6,1.082,93.6,3.2,2.4
23646,0084075,Ventura,1,Simi Valley,48.99,Mainstream,340.0,-17.65,,33.49,44.14,34.41,52.06,9.73,1.312,89.38,2.65,7.08
24504,0095008,Ventura,1,Unincorporated,49.25,Mainstream,242.0,-4.13,,36.87,33.44,38.43,42.56,2.08,0.903,94.79,2.08,0.0
24341,0084034,Ventura,1,Simi Valley,49.38,Mainstream,305.0,-11.8,,34.08,40.66,37.05,48.85,7.21,1.188,91.89,6.31,0.9
24017,0092089,Ventura,1,Thousand Oaks,49.55,Mainstream,507.0,-3.75,,35.47,36.06,38.66,42.41,3.92,1.014,95.59,0.98,2.94
23648,0084074,Ventura,1,Simi Valley,49.59,Mainstream,329.0,-8.81,,38.4,41.06,37.99,46.81,4.84,1.065,93.55,2.42,2.42
23454,0084111,Ventura,1,Simi Valley,49.68,Mainstream,220.0,-25.0,,32.82,37.81,28.64,53.64,6.25,1.145,92.19,6.25,0.0
23995,0092098,Ventura,1,Thousand Oaks,49.69,Mainstream,319.0,3.13,,38.2,33.85,42.95,39.81,1.43,0.883,98.57,1.43,0.0
23650,0084076,Ventura,1,Simi Valley,49.74,Mainstream,302.0,-6.62,,32.87,40.47,36.42,43.05,7.69,1.226,89.74,4.27,3.42
23696,0084083,Ventura,1,Simi Valley,49.93,Mainstream,329.0,-25.53,,29.8,40.66,27.66,53.19,10.0,1.358,89.0,6.0,4.0
24266,0084008,Ventura,1,Simi Valley,49.99,Mainstream,277.0,-15.16,,34.41,37.34,32.13,47.29,4.88,1.081,91.46,3.66,1.22
24489,0039011,Ventura,1,Moorpark,50.0,Mainstream,605.0,-7.6,,34.53,38.79,37.85,45.45,5.6,1.121,93.46,2.8,2.8
24025,0092083,Ventura,1,Thousand Oaks,50.02,Mainstream,225.0,-13.78,,36.26,37.79,33.33,47.11,4.05,1.037,94.59,1.35,2.7
23932,0092039,Ventura,1,Thousand Oaks,50.02,Mainstream,529.0,-0.95,,37.07,38.37,40.64,41.59,3.96,1.032,95.59,0.88,3.08
23770,0092018,Ventura,1,Thousand Oaks,50.14,Mainstream,470.0,2.34,,40.09,36.25,44.04,41.7,1.5,0.901,97.01,1.0,0.5
24400,0084024,Ventura,1,Simi Valley,50.19,Mainstream,293.0,-23.21,,31.1,41.98,31.4,54.61,9.57,1.344,89.36,8.51,1.06
24016,0092075,Ventura,1,Thousand Oaks,50.22,Mainstream,305.0,-7.21,,36.59,35.21,37.05,44.26,2.5,0.959,95.83,1.67,0.83
23994,0092095,Ventura,1,Thousand Oaks,50.29,Mainstream,360.0,-16.39,,32.21,39.8,32.78,49.17,7.44,1.231,90.08,4.13,3.31
23975,0092048,Ventura,1,Thousand Oaks,50.51,Mainstream,496.0,-2.82,,34.51,36.75,38.31,41.13,4.21,1.062,95.26,0.53,3.68
23785,0084066,Ventura,1,Simi Valley,50.54,Mainstream,411.0,-10.71,,33.15,39.82,36.5,47.2,6.67,1.197,91.33,4.67,2.0
23529,0084100,Ventura,1,Simi Valley,50.57,Mainstream,169.0,-23.67,,34.81,36.71,30.77,54.44,3.92,1.048,88.24,3.92,0.0
23804,0092020,Ventura,1,Thousand Oaks,50.62,Mainstream,473.0,-12.05,,32.31,38.34,34.67,46.72,6.36,1.183,91.91,3.47,2.89
23946,0039038,Ventura,1,Moorpark,50.71,Mainstream,406.0,-6.16,,36.14,34.53,35.71,41.87,2.08,0.952,97.22,1.39,0.69
23636,0092106,Ventura,1,Thousand Oaks,50.95,Mainstream,353.0,-0.85,,36.8,35.33,39.94,40.79,2.01,0.957,94.63,0.0,2.01
23484,0007046,Ventura,1,Camarillo,50.98,Mainstream,245.0,-3.27,,34.41,35.36,37.14,40.41,3.19,1.022,94.68,2.13,1.06
23749,0084050,Ventura,1,Simi Valley,51.1,Mainstream,329.0,-8.51,,33.38,39.92,37.99,46.5,6.21,1.191,92.25,5.43,0.78
23801,0084060,Ventura,1,Simi Valley,51.17,Mainstream,357.0,-10.36,,36.52,42.12,36.13,46.5,5.39,1.149,93.08,2.31,3.08
23720,0084081,Ventura,1,Simi Valley,51.18,Mainstream,335.0,-11.94,,34.69,38.02,34.33,46.27,4.35,1.092,91.3,3.48,0.87
24312,0006905,Ventura,1,Camarillo,51.23,Mainstream,395.0,-15.7,,32.95,41.99,33.42,49.11,7.57,1.27,90.91,5.3,2.27
23989,0092092,Ventura,1,Thousand Oaks,51.32,Mainstream,336.0,-4.76,,35.09,33.11,37.2,41.96,1.48,0.94,95.56,1.48,0.0
24280,0084001,Ventura,1,Simi Valley,51.45,Mainstream,336.0,-2.38,,34.92,34.84,38.69,41.07,2.4,0.995,96.0,1.6,0.8
23470,0007078,Ventura,1,Camarillo,51.77,Mainstream,435.0,-22.3,,32.65,44.22,31.26,53.56,8.7,1.35,89.86,4.35,4.35
23889,0092054,Ventura,1,Thousand Oaks,51.8,Mainstream,411.0,-2.92,,37.7,40.45,40.15,43.07,3.55,1.069,95.86,0.59,2.96
23760,0092012,Ventura,1,Thousand Oaks,51.92,Mainstream,398.0,-4.77,,34.47,37.39,39.45,44.22,3.68,1.081,93.25,1.23,2.45
23751,0084053,Ventura,1,Simi Valley,52.15,Mainstream,286.0,-12.94,,35.09,37.09,36.71,49.65,3.03,1.053,95.96,1.01,2.02
24450,0090004,Ventura,1,Unincorporated,52.21,Mainstream,109.0,-11.01,,32.68,40.94,37.61,48.62,6.39,1.238,91.49,2.13,4.26
23755,0084055,Ventura,1,Simi Valley,52.21,Mainstream,362.0,-11.05,,38.09,38.74,37.85,48.9,2.28,1.014,94.7,1.52,0.76
23857,0084094,Ventura,1,Simi Valley,52.27,Mainstream,327.0,-14.98,,33.44,38.06,31.8,46.79,4.42,1.133,92.04,1.77,2.65
23898,0092069,Ventura,1,Thousand Oaks,52.54,Mainstream,428.0,-7.24,,35.26,39.25,37.15,44.39,3.82,1.109,94.9,1.91,1.91
23747,0084051,Ventura,1,Simi Valley,52.56,Mainstream,354.0,-17.23,,34.3,39.71,34.75,51.98,4.63,1.154,87.96,3.7,0.93
24343,0084047,Ventura,1,Simi Valley,52.61,Mainstream,337.0,-8.01,,35.37,38.03,39.47,47.48,3.08,1.071,94.62,3.08,0.0
23916,0039020,Ventura,1,Moorpark,52.96,Mainstream,408.0,-8.09,,38.13,40.41,38.97,47.06,2.6,1.056,96.1,1.3,1.3
24030,0092086,Ventura,1,Thousand Oaks,53.02,Mainstream,262.0,-2.29,,36.7,41.32,41.22,43.51,3.71,1.119,96.3,2.78,0.93
24458,0039000,Ventura,1,Moorpark,53.18,Mainstream,293.0,-35.84,,31.32,41.47,23.55,59.39,7.25,1.318,91.3,4.35,2.9
23795,0092024,Ventura,1,Thousand Oaks,53.33,Mainstream,316.0,-2.22,,33.75,37.46,39.24,41.46,3.26,1.105,96.75,1.63,1.63
23680,0006912,Ventura,1,Camarillo,53.42,Mainstream,457.0,-4.6,,40.33,41.14,41.14,45.73,1.59,1.017,96.81,0.53,1.06
24357,0084019,Ventura,1,Simi Valley,53.51,Mainstream,168.0,-15.48,,32.53,37.35,32.74,48.21,3.78,1.14,86.79,1.89,1.89
23838,0092005,Ventura,1,Thousand Oaks,53.54,Mainstream,301.0,-18.6,,32.76,36.9,29.24,47.84,3.41,1.12,94.32,2.27,1.14
24547,0092114,Ventura,1,Thousand Oaks,53.57,Mainstream,358.0,-13.97,,32.52,38.07,33.52,47.49,4.24,1.167,94.92,4.24,0.0
24476,0039018,Ventura,1,Moorpark,53.69,Mainstream,347.0,-9.8,,33.72,36.13,34.87,44.67,2.36,1.068,96.85,0.79,1.57
23854,0084095,Ventura,1,Simi Valley,53.72,Mainstream,263.0,-16.35,,33.72,40.8,31.94,48.29,4.82,1.203,91.57,2.41,2.41
24350,0084046,Ventura,1,Simi Valley,53.98,Mainstream,406.0,-17.0,,31.49,40.62,31.28,48.28,6.16,1.285,92.31,3.08,3.08
23882,0092050,Ventura,1,Thousand Oaks,54.07,Mainstream,509.0,-8.25,,33.26,40.82,36.35,44.6,4.97,1.223,92.27,2.21,2.76
23762,0084056,Ventura,1,Simi Valley,54.46,Mainstream,379.0,-18.47,,32.9,40.88,32.98,51.45,5.0,1.238,93.33,1.67,3.33
23757,0084054,Ventura,1,Simi Valley,54.62,Mainstream,388.0,-25.52,,34.68,40.68,29.64,55.15,3.64,1.169,94.55,0.91,2.73
24742,0007040,Ventura,1,Camarillo,54.7,Mainstream,443.0,-14.0,,35.65,44.32,36.57,50.56,4.85,1.238,93.94,4.24,0.61
23507,0084102,Ventura,1,Simi Valley,54.76,Mainstream,252.0,-13.89,,34.89,38.91,34.92,48.81,2.47,1.11,96.3,2.47,0.0
23793,0092022,Ventura,1,Thousand Oaks,54.95,Mainstream,421.0,-18.53,,33.66,42.26,33.97,52.49,4.93,1.251,90.85,2.11,2.82
23513,0084107,Ventura,1,Simi Valley,55.06,Mainstream,354.0,-16.1,,35.1,42.75,35.03,51.13,4.17,1.213,93.33,1.67,2.5
23970,0039035,Ventura,1,Moorpark,55.13,Mainstream,325.0,-15.69,,33.77,40.38,32.92,48.62,3.71,1.19,96.3,2.78,0.93
24493,0039015,Ventura,1,Moorpark,55.32,Mainstream,270.0,-13.7,,35.95,38.15,35.56,49.26,1.14,1.057,95.45,0.0,1.14
24531,0092118,Ventura,1,Thousand Oaks,55.4,Mainstream,231.0,-12.55,,34.58,41.3,36.36,48.92,3.49,1.188,93.02,1.16,2.33
23766,0092013,Ventura,1,Thousand Oaks,55.55,Mainstream,268.0,-3.36,,33.12,40.39,40.3,43.66,3.88,1.214,96.12,2.91,0.97
23863,0084096,Ventura,1,Simi Valley,55.83,Mainstream,414.0,-20.29,,32.06,42.38,31.64,51.93,5.6,1.317,91.2,2.4,3.2
23598,0006930,Ventura,1,Camarillo,56.28,Mainstream,316.0,-12.03,,33.69,44.09,35.44,47.47,5.04,1.302,94.12,3.36,1.68
24506,0095007,Ventura,1,Unincorporated,56.34,Mainstream,272.0,-16.18,,32.4,41.12,33.82,50.0,4.3,1.263,93.55,4.3,0.0
24356,0084016,Ventura,1,Simi Valley,56.78,Mainstream,290.0,-18.62,,33.38,40.61,32.76,51.38,3.09,1.212,93.81,2.06,1.03
24492,0039012,Ventura,1,Moorpark,56.85,Mainstream,412.0,-19.42,,31.33,43.86,32.04,51.46,6.39,1.395,89.36,2.13,4.26
24029,0092087,Ventura,1,Thousand Oaks,56.89,Mainstream,262.0,-16.41,,30.23,42.22,30.92,47.33,6.25,1.388,93.75,6.25,0.0
24521,0095001,Ventura,1,Unincorporated,57.36,Mainstream,252.0,-9.13,,31.49,39.31,37.3,46.43,3.26,1.241,96.74,3.26,0.0
23965,0039033,Ventura,1,Moorpark,57.98,Mainstream,272.0,-10.66,,35.31,38.45,34.93,45.59,0.0,1.084,98.94,0.0,0.0
23698,0084086,Ventura,1,Simi Valley,58.53,Mainstream,316.0,-26.58,,30.47,40.94,28.48,55.06,4.31,1.338,94.62,1.08,3.23
24517,0074001,Ventura,1,Unincorporated,58.74,Mainstream,390.0,-25.64,,29.91,44.27,28.72,54.36,6.67,1.474,93.33,1.67,5.0
24390,0084020,Ventura,1,Simi Valley,58.82,Mainstream,256.0,-16.41,,31.31,40.88,33.2,49.61,3.41,1.298,94.32,1.14,2.27
24336,0084033,Ventura,1,Simi Valley,59.03,Mainstream,289.0,-27.68,,31.63,44.01,29.41,57.09,4.88,1.386,92.68,1.22,3.66
24383,0084029,Ventura,1,Simi Valley,59.31,Mainstream,323.0,-21.67,,32.83,39.02,29.41,51.08,1.02,1.184,94.9,1.02,0.0
23926,0039023,Ventura,1,Moorpark,59.34,Mainstream,275.0,-21.45,,30.1,41.94,30.91,52.36,4.71,1.387,92.94,1.18,3.53
23452,0084112,Ventura,1,Simi Valley,59.41,Mainstream,262.0,-16.79,,32.24,43.47,32.44,49.24,3.8,1.34,96.2,1.27,2.53
23731,0084058,Ventura,1,Simi Valley,59.63,Mainstream,391.0,-21.74,,29.98,43.25,30.18,51.92,5.46,1.438,90.91,2.73,2.73
23630,0092102,Ventura,1,Thousand Oaks,60.5,Mainstream,285.0,-31.23,,27.74,42.71,24.91,56.14,6.66,1.532,93.33,1.33,5.33
23899,0092068,Ventura,1,Thousand Oaks,60.55,Mainstream,424.0,-12.97,,33.29,43.87,35.38,48.35,2.61,1.313,96.73,0.65,1.96
24359,0084011,Ventura,1,Simi Valley,60.77,Mainstream,421.0,-30.17,,31.15,39.96,24.94,55.11,1.84,1.278,95.41,0.92,0.92
23753,0084052,Ventura,1,Simi Valley,60.99,Mainstream,263.0,-19.77,,29.34,40.71,32.7,52.47,3.57,1.38,92.86,2.38,1.19
24330,0084038,Ventura,1,Simi Valley,61.01,Mainstream,288.0,-27.43,,30.39,44.57,27.78,55.21,5.0,1.459,92.5,2.5,2.5
24349,0084043,Ventura,1,Simi Valley,61.1,Mainstream,296.0,-17.23,,30.76,43.78,34.12,51.35,4.17,1.417,93.75,3.13,1.04
24358,0084018,Ventura,1,Simi Valley,61.66,Mainstream,302.0,-24.17,,32.15,43.04,31.13,55.3,2.3,1.333,95.4,1.15,1.15
23518,0084109,Ventura,1,Simi Valley,62.88,Mainstream,304.0,-21.38,,28.53,44.34,30.59,51.97,5.44,1.546,92.39,1.09,4.35
24340,0084035,Ventura,1,Simi Valley,62.94,Mainstream,236.0,-27.12,,28.83,45.4,27.97,55.08,5.72,1.563,92.86,1.43,4.29
23642,0084073,Ventura,1,Simi Valley,63.36,Mainstream,363.0,-21.21,,27.89,43.09,28.93,50.14,5.0,1.538,93.0,2.0,3.0
24523,0074002,Ventura,1,Unincorporated,64.3,Mainstream,371.0,-16.44,,33.85,46.85,36.93,53.37,1.5,1.379,97.74,0.75,0.75
24327,0084039,Ventura,1,Simi Valley,64.36,Mainstream,221.0,-19.46,,30.47,42.52,32.13,51.58,1.61,1.387,91.94,0.0,1.61
23485,0085000,Ventura,1,Unincorporated,64.73,Mainstream,204.0,-29.41,,24.63,50.74,26.96,56.37,13.34,2.04,85.0,6.67,6.67
23604,0006934,Ventura,1,Camarillo,65.0,Mainstream,166.0,-18.07,,30.03,46.33,32.53,50.6,3.77,1.526,92.45,0.0,3.77
23694,0084084,Ventura,1,Simi Valley,65.04,Mainstream,351.0,-36.47,,26.54,46.48,24.22,60.68,7.69,1.742,89.74,1.28,6.41
24632,0081000,Ventura,1,Unincorporated,65.96,Mainstream,363.0,-22.59,,26.5,45.85,31.13,53.72,6.78,1.723,91.53,3.39,3.39
24498,0074005,Ventura,1,Unincorporated,67.06,Moderate,311.0,-25.72,,30.65,46.28,28.94,54.66,2.06,1.502,93.81,1.03,1.03
23649,0084077,Ventura,1,Simi Valley,67.63,Moderate,251.0,-21.91,,29.71,44.2,32.67,54.58,1.28,1.479,97.44,1.28,0.0
23705,0084087,Ventura,1,Simi Valley,69.66,Moderate,118.0,-28.81,,29.96,49.37,28.81,57.63,2.7,1.625,94.59,0.0,2.7
24631,0081001,Ventura,1,Unincorporated,71.06,Moderate,248.0,-20.97,,27.92,44.91,31.05,52.02,1.33,1.597,98.67,1.33,0.0
24344,0084049,Ventura,1,Simi Valley,73.21,Moderate,410.0,-32.68,,25.96,51.77,24.88,57.56,7.07,1.983,89.9,4.04,3.03
23878,0084093,Ventura,1,Simi Valley,75.2,Moderate,478.0,-28.87,,27.58,51.56,29.29,58.16,3.62,1.862,94.93,2.9,0.72
24401,0084023,Ventura,1,Simi Valley,83.39,Moderate,244.0,-42.21,,24.78,51.09,22.54,64.75,1.89,2.043,98.11,0.0,1.89
24342,0084048,Ventura,1,Simi Valley,87.95,Moderate,370.0,-32.7,,24.3,52.58,26.76,59.46,1.04,2.151,94.79,0.0,1.04
24520,0074000,Ventura,1,Unincorporated,95.63,Moderate,192.0,-44.79,,20.52,51.89,19.27,64.06,2.7,2.5,97.3,2.7,0.0
