Jurisdiction ID,County,Jurisdiction Name,Jurisdiction Type,Total Population,Voting Age Population,Over 65 %,Hispanic/Latino Population,Median Household Income,Median Home Value,Homeownership Rate %,Public Assistance/SNAP %,Registered Voters,Democratic Registration,Republican Registration,No Party Preference,American Independent,Green,Libertarian,Peace and Freedom,Other Party,Political Lean,Harris 24 Margin,Ideology: Taxes,Ideology: Bonds,Ideology: Social Issues,Ideology: Criminal Justice,Ideology: Rent Control,Student Population
5,Ventura,Ventura County,County,845382,657738,16.9,366277,107327,768400,64.2,9.5,526114,223258,153829,107818,23279,2331,5744,2909,5014,13.8,15.1,58.6,63.8,65.5,63.8,63.8,
595,Ventura,City of Camarillo,City,70741,56320,21.7,19356,109390,766100,64.5,5.9,49289,18639,17204,9557,2395,171,548,159,457,4.0,8.4,27.2,26.6,35.5,38.0,32.2,
675,Ventura,City of Fillmore,City,16419,11986,14.0,12593,90343,567500,65.6,17.0,9864,4419,2621,2077,376,38,101,92,87,14.9,9.9,45.2,51.7,44.4,53.3,57.9,
807,Ventura,City of Moorpark,City,36284,27775,13.9,12061,149403,852800,78.9,7.9,24135,9389,8112,4842,1111,79,247,95,196,5.5,9.0,26.6,28.0,38.0,36.5,33.4,
829,Ventura,City of Ojai,City,7637,6295,30.5,1465,79202,947000,64.8,9.1,5371,2864,1068,995,229,48,60,26,71,41.9,43.5,89.0,80.7,89.4,93.2,86.7,
836,Ventura,City of Oxnard,City,202063,149403,11.4,150984,93372,617800,53.9,15.6,100457,52731,18363,22289,3500,389,821,975,848,36.7,32.1,72.8,82.8,67.8,70.5,84.2,
864,Ventura,City of Port Hueneme,City,21954,16919,15.0,12645,76655,556200,46.1,10.5,11287,5471,2411,2507,471,48,119,95,114,28.7,26.1,66.8,75.1,62.0,67.4,79.5,
930,Ventura,City of Santa Paula,City,30657,22553,14.5,25051,77130,559300,53.7,17.9,16788,8376,3721,3504,600,73,161,130,158,25.8,21.7,56.2,61.0,53.9,63.7,66.6,
944,Ventura,City of Simi Valley,City,126356,100226,16.8,35921,117703,753500,72.9,6.2,85752,29062,32703,17148,4010,341,1056,372,765,-5.9,-4.2,18.5,18.9,26.1,23.2,30.9,
967,Ventura,City of Thousand Oaks,City,126966,101677,20.4,25260,134367,951200,70.1,6.4,87697,33703,28813,18272,4201,345,982,232,903,9.3,13.2,32.4,29.9,45.4,47.3,35.5,
983,Ventura,City of Ventura,City,110763,88546,18.2,38902,100407,778700,55.9,10.4,74455,33795,19713,14614,3574,437,906,418,787,24.1,25.8,52.5,57.7,60.8,73.9,67.6,
2341,Ventura,El Tejon Unified,Unified School District,7923,6511,21.4,1839,47235,351800,71.1,14.8,4754,1390,2089,838,251,27,77,24,58,-24.5,-23.4,16.3,21.5,16.9,16.6,20.4,712
2568,Ventura,Ocean View,Elementary School District,97845,79822,17.5,24012,112157,990300,49.7,9.8,62563,20025,24578,13519,2808,261,888,274,194,-8.4,-7.1,44.4,48.9,51.7,52.7,58.6,6868
2779,Ventura,Cuyama Joint Unified,Unified School District,1075,802,29.7,576,49167,219000,76.1,19.3,477,109,229,100,15,5,8,3,8,-33.3,-31.7,9.9,14.0,12.5,13.1,11.3,314
3028,Ventura,Briggs Elementary,Elementary School District,3092,2305,16.2,2374,96583,499200,62.8,7.2,1591,751,394,328,61,5,18,16,18,18.7,18.9,72.0,72.2,66.3,69.6,84.4,479
3029,Ventura,Fillmore Unified,Unified School District,20886,15351,15.3,15927,91080,591400,64.2,16.7,11873,5364,3121,2461,459,50,126,105,184,13.8,9.3,50.6,63.7,53.5,63.1,66.3,3694
3030,Ventura,Hueneme Elementary,Elementary School District,54412,39973,12.2,38697,86748,606000,48.1,15.8,24508,12657,4657,5380,859,108,228,238,381,31.9,27.1,81.7,92.5,77.3,77.1,92.5,7022
3031,Ventura,Mesa Union Elementary,Elementary School District,3629,2995,25.5,1328,188906,1299900,78.6,6.5,2442,818,1000,435,103,1,38,10,37,-8.3,-2.3,35.9,36.7,50.1,46.9,35.5,1080
3032,Ventura,Mupu Elementary,Elementary School District,835,645,10.2,483,135114,716300,82.7,12.4,508,220,162,90,19,3,8,2,4,4.6,2.1,40.4,61.5,61.7,73.8,71.0,185
3033,Ventura,Ojai Unified,Unified School District,22104,18180,30.4,4770,82958,886600,73.8,6.1,15530,7739,3738,2794,624,131,163,82,258,31.7,33.4,81.1,78.8,82.6,90.1,82.9,2129
3034,Ventura,Oxnard,Elementary School District,124993,93415,13.1,92893,90757,642300,54.8,15.2,62235,33254,11601,12986,2098,266,549,523,955,35.4,31.9,80.3,87.0,77.1,76.5,89.0,13399
3035,Ventura,Oxnard Union High,High School District,327214,248493,10.9,197714,80745,403800,54.9,12.7,176777,83917,43382,36481,6693,725,1747,1218,2600,21.4,21.0,67.1,69.7,71.1,71.1,77.6,17338
3036,Ventura,Pleasant Valley,Elementary School District,80882,64827,21.5,21508,112834,792600,66.0,5.9,55921,21169,19819,10600,2533,215,644,174,760,3.2,7.5,50.3,51.1,58.6,57.2,57.2,6943
3037,Ventura,Rio Elementary,Elementary School District,42743,32012,9.2,29637,102082,604200,50.9,13.5,21929,11388,4139,4878,746,90,190,186,309,36.7,31.9,82.8,90.7,79.1,78.7,93.9,5217
3038,Ventura,Santa Clara Elementary,Elementary School District,218,150,20.6,122,121875,1187500,51.3,7.7,122,48,36,22,8,,5,1,2,9.0,21.1,28.8,71.2,69.0,55.8,47.9,53
3039,Ventura,Simi Valley Unified,Unified School District,129726,103037,17.0,36511,117313,754000,73.4,6.3,87251,29885,33404,17148,3851,349,1066,356,1183,-5.8,-4.1,29.7,29.1,37.8,35.5,42.7,15677
3040,Ventura,Somis Union,Elementary School District,3154,2549,27.1,1123,123750,1175900,66.0,0.3,2148,689,891,373,123,8,34,7,23,-12.8,-11.3,33.1,37.3,47.3,47.3,35.7,219
3041,Ventura,Ventura Unified,Unified School District,122344,97798,18.2,43593,99783,762900,57.3,10.6,81162,36812,21860,15665,3632,534,1015,439,1193,23.2,24.9,63.1,68.9,70.4,79.7,75.6,14672
3042,Ventura,Conejo Valley Unified,Unified School District,135817,108791,20.1,26910,136375,956800,71.2,6.4,94287,36243,31500,19310,4282,343,1057,257,1275,8.3,12.2,39.8,38.1,54.4,55.2,46.2,15999
3043,Ventura,Oak Park Unified,Unified School District,13915,10700,15.0,1122,160484,1017100,71.8,3.2,9825,4382,2591,2188,386,33,111,15,116,25.7,28.8,52.9,50.0,72.1,64.2,55.2,4338
3044,Ventura,Moorpark Unified,Unified School District,37785,28979,14.8,12697,149640,859400,79.1,7.5,24865,9717,8402,4887,1110,83,269,99,296,5.2,8.6,36.6,37.5,48.0,47.1,44.8,5809
3045,Ventura,Santa Paula Unified,Unified School District,33150,24418,15.3,26764,102216,578400,65.4,7.9,17463,8683,3965,3565,613,78,187,118,251,24.2,20.3,64.8,71.2,63.1,70.6,74.1,4808
3055,Ventura,Las Virgenes Unified,Unified School District,62948,49981,19.7,5974,167229,1289000,78.2,5.3,47516,20816,13041,10330,2059,162,475,125,493,18.2,18.4,40.1,42.2,71.2,61.6,43.6,9660
5246,Ventura,Ventura County Community College,Community College District,844965,657369,19.3,366224,101756,809297,68.7,10.1,520635,223352,152494,104847,21714,2333,5753,2699,7376,13.8,15.1,47.2,44.4,50.0,56.9,48.6,
6,Los Angeles,Los Angeles County,County,10047912,7993700,14.7,4821752,87760,783300,46.1,15.0,5850935,2993762,1101349,1356277,201967,28582,48158,43549,45473,37.3,32.9,72.4,94.8,84.5,77.6,96.6,
537,Los Angeles,City of Agoura Hills,City,20299,15946,18.6,2319,171944,1072200,80.0,5.3,15272,6788,4130,3252,694,50,158,45,99,21.4,22.8,34.0,32.6,61.4,58.3,39.0,
540,Los Angeles,City of Alhambra,City,82868,69238,18.9,29910,85189,812700,42.0,12.5,47436,23497,8147,13137,1271,253,319,316,236,37.9,31.5,67.0,76.4,70.3,65.8,88.2,
550,Los Angeles,City of Arcadia,City,56681,45337,19.7,7401,116142,1336500,58.5,8.1,33730,12058,8327,11764,771,138,214,127,164,10.0,10.8,28.8,21.8,34.7,18.9,30.7,
553,Los Angeles,City of Artesia,City,16395,13292,16.5,5825,97712,763700,53.6,18.8,9156,4118,2117,2402,237,39,59,85,41,17.7,10.7,49.2,57.5,46.3,40.9,75.9,
559,Los Angeles,City of Avalon,City,3460,2704,14.0,1903,91713,902800,34.2,1.0,1773,795,493,369,64,14,13,13,7,11.4,13.7,40.7,56.6,50.8,46.5,53.5,
561,Los Angeles,City of Azusa,City,50000,39421,12.0,32020,85727,607400,55.4,15.2,25670,12028,5627,5982,1011,124,250,238,270,26.4,21.2,54.6,57.9,53.7,51.2,78.0,
563,Los Angeles,City of Baldwin Park,City,72176,55833,14.1,53683,79087,588100,58.5,17.9,36884,19299,5909,9303,992,155,304,366,307,39.7,28.6,73.7,87.1,64.9,61.8,91.5,
567,Los Angeles,City of Bell,City,33559,24671,11.2,31392,60641,561400,26.7,21.6,15486,8937,2039,3576,378,74,112,182,71,48.4,31.9,83.2,94.0,75.1,62.9,97.1,
568,Los Angeles,City of Bell Gardens,City,39501,28894,9.5,37994,55372,527900,21.2,23.9,16853,9684,1995,4076,433,81,121,248,108,50.8,34.3,89.4,97.5,76.8,66.8,96.9,
569,Los Angeles,City of Bellflower,City,79190,60622,11.9,45250,77602,661100,38.1,19.0,43363,21325,8979,9860,1642,190,374,406,326,27.6,21.6,56.6,70.1,57.5,58.7,85.1,
574,Los Angeles,City of Beverly Hills,City,32701,27172,24.8,2218,127979,2000001,42.0,8.1,22751,8884,6636,5831,813,85,142,88,115,5.2,-4.8,15.2,34.7,59.1,34.9,43.2,
580,Los Angeles,City of Bradbury,City,921,772,22.3,184,158750,1914100,93.4,2.0,633,204,233,169,18,3,0,2,3,-1.0,-3.6,9.1,7.9,33.0,24.3,14.7,
587,Los Angeles,City of Burbank,City,107337,88379,16.2,25961,95816,1041100,42.8,11.9,71651,35093,15525,16365,2654,364,618,302,409,36.7,33.9,59.1,68.1,78.0,79.5,92.1,
589,Los Angeles,City of Calabasas,City,23241,18317,17.9,1954,157938,1453900,69.3,5.3,16918,7410,4461,3823,748,76,168,49,98,20.9,18.0,37.1,37.1,67.4,53.9,36.3,
602,Los Angeles,City of Carson,City,95558,77681,17.6,37643,107391,645600,74.0,14.6,64658,36076,10005,14455,2180,215,374,504,494,49.1,42.0,66.2,91.3,79.9,78.0,89.8,
605,Los Angeles,City of Cerritos,City,49578,40771,25.3,7092,133953,908600,74.6,8.1,36324,15165,9227,10156,1004,117,220,149,147,18.6,18.4,40.3,30.5,43.2,38.4,50.6,
612,Los Angeles,City of Claremont,City,37266,31156,20.0,9416,122127,870800,65.5,7.3,24011,11873,5567,4866,989,153,230,99,154,34.2,36.1,48.8,54.4,72.0,83.6,73.7,
623,Los Angeles,City of Commerce,City,12378,9500,17.6,11690,71768,583200,53.7,30.2,7461,4480,983,1541,203,31,57,78,35,50.5,35.3,75.9,92.5,77.2,67.0,91.1,
624,Los Angeles,City of Compton,City,95740,69164,10.6,67791,74270,546700,57.4,26.6,51035,31339,4283,11447,1571,173,299,549,1021,67.9,55.7,82.6,94.6,91.9,88.2,95.9,
633,Los Angeles,City of Covina,City,51268,40505,14.3,30108,94792,666000,57.3,13.8,31749,14114,8381,6844,1271,152,262,224,368,15.7,12.7,38.0,41.9,44.0,41.1,62.5,
635,Los Angeles,City of Cudahy,City,22811,16374,8.8,21872,52748,505300,11.8,25.5,9535,5519,1095,2361,227,39,63,115,45,52.2,36.1,92.7,97.7,78.4,69.1,99.0,
636,Los Angeles,City of Culver City,City,40779,33165,17.7,8732,122312,1126900,55.1,8.2,29136,18481,3196,5905,849,146,184,108,163,64.7,64.6,87.1,92.7,96.5,97.1,97.5,
647,Los Angeles,City of Diamond Bar,City,55072,44953,20.3,10803,106602,867000,77.4,7.6,34827,12799,9780,10356,1025,134,237,142,179,8.9,7.3,34.4,22.4,32.4,24.9,39.4,
652,Los Angeles,City of Downey,City,114355,88937,14.0,85866,87400,728500,50.7,13.3,67930,33498,15669,14343,2430,288,594,458,368,23.8,16.3,46.7,56.2,52.1,45.0,68.5,
653,Los Angeles,City of Duarte,City,21727,17873,21.5,10436,97952,710700,62.8,16.2,14199,6796,3168,3255,488,65,112,88,165,29.4,25.6,47.1,53.7,56.2,56.9,70.5,
661,Los Angeles,City of El Monte,City,109450,84280,15.5,70819,64484,626000,40.0,24.9,47222,23048,7868,13154,1399,192,358,534,275,34.1,23.7,75.1,82.2,61.6,54.6,90.5,
662,Los Angeles,City of El Segundo,City,17272,13722,13.2,2976,149149,1521600,42.6,4.8,12639,5518,3217,2954,572,50,157,33,85,24.7,30.4,33.6,44.2,65.2,63.3,55.0,
690,Los Angeles,City of Gardena,City,61027,49468,17.0,24503,79291,667600,48.9,14.0,36952,20721,5825,8019,1165,134,266,273,347,48.4,42.9,73.4,90.7,82.6,81.3,94.0,
692,Los Angeles,City of Glendale,City,196543,163681,18.9,33575,84262,1043900,35.3,20.8,113897,46400,28426,32150,3601,496,814,599,580,23.0,12.4,53.3,63.5,62.7,62.5,90.3,
693,Los Angeles,City of Glendora,City,52558,41864,16.8,19017,111915,820800,67.8,8.3,36362,12449,13613,7523,1647,136,380,158,319,-7.8,-5.5,11.0,8.5,16.2,15.8,22.2,
705,Los Angeles,City of Hawaiian Gardens,City,14149,10589,14.4,10858,76025,509600,45.8,22.1,6443,3296,1094,1653,198,21,34,91,19,34.0,26.5,81.5,85.5,63.3,66.2,95.2,
706,Los Angeles,City of Hawthorne,City,88083,67207,9.6,47310,72719,813700,27.5,20.4,44520,25171,5936,10139,1499,236,352,402,520,51.5,45.5,82.4,93.2,86.5,85.9,97.7,
711,Los Angeles,City of Hermosa Beach,City,19728,16275,14.1,2064,152019,2000001,50.7,3.0,14664,6497,3425,3573,694,58,223,46,98,32.2,37.3,38.4,41.1,79.7,76.8,43.4,
713,Los Angeles,City of Hidden Hills,City,1725,1350,17.0,117,250001,2000001,88.2,2.6,1361,521,445,307,57,1,13,3,7,7.1,9.7,5.2,16.8,57.9,21.8,7.1,
720,Los Angeles,City of Huntington Park,City,54883,40933,11.4,52986,56952,557600,24.5,24.8,22652,13446,2630,5237,557,94,167,252,120,53.5,39.1,84.0,96.1,80.9,64.9,97.9,
726,Los Angeles,City of Industry,City,264,214,29.4,130,62500,-666666666,11.8,2.9,100,31,36,21,6,3,1,1,1,18.5,-7.1,63.3,45.2,50.6,49.4,60.4,
727,Los Angeles,City of Inglewood,City,107762,84636,13.4,55677,71029,744300,35.3,20.1,65520,42619,4655,13325,2145,281,378,580,1149,74.9,67.8,92.3,99.6,95.6,95.9,99.4,
730,Los Angeles,City of Irwindale,City,1472,1113,17.1,1336,113250,645800,82.0,6.1,1036,586,191,184,44,3,9,10,7,36.4,23.9,55.8,73.4,56.9,52.5,76.4,
737,Los Angeles,City of La Cañada Flintridge,City,20573,15688,19.8,1717,221451,2000001,88.5,2.9,15766,6120,4866,4007,460,35,132,23,80,16.4,22.1,15.4,19.9,51.5,47.5,16.6,
739,Los Angeles,City of La Habra Heights,City,5682,4728,24.0,1813,186837,1114100,91.2,9.7,4165,1181,1795,870,199,13,44,19,23,-19.6,-15.9,3.9,2.5,11.0,11.0,3.3,
741,Los Angeles,City of La Mirada,City,48008,39533,19.9,20652,110177,763200,76.3,7.9,32656,12588,10995,6840,1373,116,310,152,182,0.1,1.2,18.7,20.1,21.4,17.8,35.1,
743,Los Angeles,City of La Puente,City,38062,29308,12.6,31080,84811,593200,60.7,16.0,19947,10735,3286,4640,604,80,145,196,122,39.0,28.3,65.2,84.0,62.5,59.3,87.8,
745,Los Angeles,City of La Verne,City,31334,25320,24.1,11185,104565,793900,67.1,9.7,22721,8187,8674,4134,1064,100,212,109,170,-4.4,-2.3,10.8,17.8,20.5,13.1,26.8,
754,Los Angeles,City of Lakewood,City,82496,65203,14.4,29482,116794,774100,72.0,9.7,57245,25572,15645,11858,2468,242,581,335,321,16.3,16.0,31.5,32.8,48.1,44.0,55.8,
755,Los Angeles,City of Lancaster,City,173516,126495,12.0,78338,76083,409100,58.4,19.0,97407,40968,25619,22489,4775,397,930,909,627,9.1,8.5,40.9,46.1,40.9,43.4,61.6,
758,Los Angeles,City of Lawndale,City,31807,24721,9.8,20018,83538,726000,37.8,19.8,16719,8684,2888,3926,599,83,168,156,121,37.7,30.5,71.4,84.7,74.1,75.9,93.4,
768,Los Angeles,City of Lomita,City,20921,16950,18.0,7691,92920,792100,46.1,10.5,13144,5589,3639,2914,561,74,140,86,86,11.9,11.3,29.7,34.9,45.0,46.1,57.3,
770,Los Angeles,City of Long Beach,City,466742,371617,13.2,201997,83969,762200,40.9,15.5,278844,145064,49703,61672,11261,1743,2738,2729,2529,41.5,40.2,63.1,73.9,81.5,78.6,86.5,
775,Los Angeles,City of Los Angeles,City,3898747,3147255,13.7,1829991,80366,879500,36.3,16.4,2206397,1222549,326647,507489,71990,11986,17127,17412,18224,49.6,43.6,70.3,90.0,90.3,86.9,96.7,
779,Los Angeles,City of Lynwood,City,67265,49655,9.4,59427,70236,569400,49.0,23.6,31522,18633,3441,7398,807,108,207,349,377,55.9,41.2,80.5,89.2,82.2,75.1,94.4,
781,Los Angeles,City of Malibu,City,10654,9041,28.5,833,192159,2000001,73.8,2.8,7456,3340,1802,1682,393,39,98,19,57,26.3,27.8,32.0,49.2,77.0,72.4,38.2,
783,Los Angeles,City of Manhattan Beach,City,35506,27257,16.3,3072,193904,2000001,66.1,3.0,26890,11433,7511,6170,1124,72,292,47,164,24.2,31.3,14.7,27.0,68.3,57.1,18.3,
789,Los Angeles,City of Maywood,City,25138,18376,10.7,24400,61655,595000,29.9,23.7,11072,6549,1253,2615,276,69,78,126,49,52.8,38.8,85.1,95.0,79.3,67.2,96.1,
800,Los Angeles,City of Monrovia,City,37931,30558,13.9,14987,97083,891700,47.9,10.4,24672,11421,5898,5350,1035,135,243,134,376,27.7,29.4,44.8,51.0,59.3,62.7,71.2,
804,Los Angeles,City of Montebello,City,62640,49320,17.4,49014,74955,660700,46.0,18.6,34663,18989,5968,7552,1052,192,265,305,172,41.9,32.5,64.3,79.1,69.1,60.4,83.6,
806,Los Angeles,City of Monterey Park,City,61096,50658,22.4,16768,77605,818300,51.9,12.3,32605,14851,5879,10133,783,151,209,205,130,31.7,24.3,55.2,55.6,59.5,43.8,67.0,
823,Los Angeles,City of Norwalk,City,102773,80130,13.6,73548,98709,616600,68.1,14.7,59895,30836,11702,13607,1884,247,499,504,267,31.2,23.7,58.7,71.0,57.7,53.5,83.0,
841,Los Angeles,City of Palmdale,City,169450,122310,10.8,104742,81151,435300,66.2,20.4,94654,43186,22239,21982,4049,402,873,810,501,18.2,14.0,47.3,52.9,49.4,48.1,71.0,
843,Los Angeles,City of Palos Verdes Estates,City,13347,10664,27.5,1003,247500,2000001,90.2,1.8,10907,3605,4010,2658,423,24,84,16,63,2.2,11.3,3.3,5.6,39.0,29.7,2.1,
845,Los Angeles,City of Paramount,City,53733,39775,9.5,43620,70912,500400,43.4,19.1,26623,14906,3713,6190,774,109,223,297,199,48.9,36.4,80.7,91.9,75.9,71.2,95.6,
847,Los Angeles,City of Pasadena,City,138699,116019,17.2,45742,103778,1045000,42.1,11.0,91582,51815,14567,19564,2802,527,740,482,708,52.5,52.8,68.1,85.1,91.3,90.7,92.5,
852,Los Angeles,City of Pico Rivera,City,62088,48875,16.4,56249,86956,621400,70.1,16.0,38213,22123,6361,7486,1166,156,283,335,162,42.5,32.8,58.1,78.0,67.2,60.6,82.4,
863,Los Angeles,City of Pomona,City,151713,115922,12.5,108044,78869,569600,54.6,19.2,79191,38651,14778,19128,2822,450,707,939,1225,32.6,24.8,62.0,70.8,61.2,61.4,83.2,
872,Los Angeles,City of Rancho Palos Verdes,City,42287,33970,25.9,4535,175307,1541400,80.5,2.9,30993,11784,9916,7441,1138,86,280,73,159,8.5,13.8,12.2,12.2,40.7,36.7,13.5,
877,Los Angeles,City of Redondo Beach,City,71576,57061,14.9,12497,144588,1225400,53.4,4.9,49097,22457,11666,11425,2142,186,622,160,268,31.0,34.0,44.4,46.9,71.0,70.1,53.7,
890,Los Angeles,City of Rolling Hills,City,1739,1481,32.5,122,250001,2000001,92.3,0.3,1499,392,691,315,58,3,21,2,10,-23.9,-14.9,0.2,0.2,14.5,7.3,0.2,
891,Los Angeles,City of Rolling Hills Estates,City,8280,6563,25.3,640,187500,1602300,89.8,1.3,6568,2269,2395,1534,230,25,60,12,27,2.7,8.0,6.9,5.4,36.3,32.4,6.0,
892,Los Angeles,City of Rosemead,City,51185,41963,20.0,15906,72248,729600,48.2,13.8,24994,11263,4343,7789,672,115,171,265,111,29.7,18.2,66.4,68.3,60.4,45.4,81.1,
903,Los Angeles,City of San Dimas,City,34924,28204,19.1,12945,105833,756200,71.4,6.4,23835,8496,8711,4831,1082,86,214,103,220,-5.7,-3.6,12.5,14.1,17.6,14.5,24.7,
904,Los Angeles,City of San Fernando,City,23946,18301,12.5,21770,79694,630700,62.5,19.6,12744,7134,1915,2891,379,72,105,126,57,45.1,34.0,65.6,84.9,70.8,68.3,91.7,
906,Los Angeles,City of San Gabriel,City,39568,32836,18.3,9878,87592,899000,48.7,10.2,20329,8980,3968,6288,527,71,130,159,75,25.8,21.5,45.4,50.0,53.1,45.6,67.4,
915,Los Angeles,City of San Marino,City,12513,9892,22.1,888,187633,2000001,82.7,2.2,9266,3084,2666,3145,197,17,54,18,40,11.2,15.3,10.2,9.3,43.0,26.6,6.2,
925,Los Angeles,City of Santa Clarita,City,228673,174956,13.0,78735,119926,721000,72.0,9.1,154962,58371,52721,32332,7220,606,1685,587,852,1.3,2.8,23.7,16.6,32.8,25.7,42.5,
927,Los Angeles,City of Santa Fe Springs,City,19219,15245,16.1,14626,86857,624700,61.0,15.3,11766,6149,2477,2344,424,60,98,82,67,29.9,22.7,52.3,67.8,53.3,50.0,75.3,
929,Los Angeles,City of Santa Monica,City,93076,80430,19.1,13544,109739,1810200,28.8,7.9,70340,41809,8382,15655,2472,457,613,282,424,60.0,60.3,78.8,89.0,96.1,94.4,95.4,
942,Los Angeles,City of Sierra Madre,City,11268,9143,22.0,1923,141094,1172200,57.0,4.6,8746,4183,2164,1779,344,56,103,28,57,30.0,36.5,34.7,40.7,65.4,74.1,54.4,
943,Los Angeles,City of Signal Hill,City,11848,9444,12.6,4208,102303,725500,51.7,14.0,7534,3885,1285,1747,342,52,83,48,54,44.7,41.7,73.9,73.2,83.8,79.9,87.3,
950,Los Angeles,City of South El Monte,City,19567,14927,14.7,15585,67153,578100,49.5,25.7,9338,4944,1437,2367,268,47,71,95,54,39.3,25.5,76.1,86.3,66.0,58.1,88.0,
951,Los Angeles,City of South Gate,City,92726,69915,12.0,88040,71315,608500,44.4,22.5,48026,27988,6522,10788,1187,201,383,471,207,48.6,35.4,78.6,90.3,73.2,65.6,93.8,
953,Los Angeles,City of South Pasadena,City,26943,20707,13.1,5584,128105,1545100,44.0,4.1,18229,10418,2596,4240,488,104,139,69,112,57.0,58.1,69.9,88.0,93.2,92.3,92.7,
966,Los Angeles,City of Temple City,City,36494,29561,18.9,7107,102449,930200,63.0,9.0,21189,8181,4904,7003,534,74,133,133,109,11.6,8.3,36.3,23.9,34.4,19.5,40.5,
969,Los Angeles,City of Torrance,City,147067,118424,18.3,28080,113105,1036600,54.6,6.7,96036,40347,27452,22110,3639,419,892,389,471,15.8,17.9,30.3,34.4,49.0,44.6,46.5,
984,Los Angeles,City of Vernon,City,222,148,18.8,168,70833,675000,7.0,28.0,109,52,25,25,4,0,1,0,1,50.8,30.8,82.8,93.8,79.1,71.0,95.0,
989,Los Angeles,City of Walnut,City,28430,23564,23.6,5324,133762,972500,82.7,7.2,19618,7457,4964,6291,488,58,109,82,91,14.5,11.8,35.3,21.2,37.8,23.7,36.9,
995,Los Angeles,City of West Covina,City,109501,87876,16.8,58102,98570,712300,60.8,13.9,65188,29945,15213,15556,2234,321,519,528,543,23.0,17.6,46.1,54.6,51.2,41.7,69.3,
996,Los Angeles,City of West Hollywood,City,35757,34235,16.1,4497,94844,969900,20.5,12.7,26651,17043,2695,5328,836,138,225,97,163,66.5,64.3,94.6,98.3,98.3,96.7,100.0,
998,Los Angeles,City of Westlake Village,City,8029,6584,27.7,651,174069,1212800,81.9,5.3,6441,2571,2108,1294,321,16,64,9,38,9.2,14.5,21.8,24.3,49.6,44.2,21.2,
1002,Los Angeles,City of Whittier,City,87306,68028,14.8,61803,92374,751700,58.5,8.0,57833,26994,15557,11279,2295,296,533,371,297,18.4,16.9,35.7,40.0,48.3,39.8,56.4,
2370,Los Angeles,ABC Unified,Unified School District,107191,85905,19.1,35862,109964,819200,63.3,13.1,67192,30234,15507,17662,1952,236,470,445,669,21.2,18.4,59.0,54.4,58.7,54.9,75.3,18081
2371,Los Angeles,Antelope Valley Union High,High School District,408140,298248,12.1,215758,78342,417100,63.3,18.6,225520,95998,60635,50514,10181,930,2262,1888,3070,7.7,6.0,52.6,56.6,57.9,54.0,75.0,22602
2372,Los Angeles,Arcadia Unified,Unified School District,57640,46105,19.5,7413,117642,1306600,60.6,8.5,34177,12372,8431,11803,740,119,206,128,375,10.3,11.2,38.7,32.0,45.9,29.7,41.3,8988
2373,Los Angeles,Azusa Unified,Unified School District,69791,54800,12.3,47490,89172,604100,61.7,16.0,36216,17397,7720,8244,1305,180,342,325,694,25.8,20.6,64.0,70.4,63.4,58.1,83.1,6370
2374,Los Angeles,Baldwin Park Unified,Unified School District,71778,55674,14.3,53315,78643,587900,59.4,18.0,36163,19224,5600,8970,931,155,305,361,602,39.7,28.6,82.0,91.6,73.8,70.4,93.6,10196
2375,Los Angeles,Bassett Unified,Unified School District,26462,20644,15.6,21230,84148,591000,69.8,13.7,14031,7649,2311,3207,379,56,110,122,197,40.2,29.7,75.0,91.0,74.1,67.4,89.2,2876
2376,Los Angeles,Bellflower Unified,Unified School District,84183,65128,13.2,42528,83905,714600,46.5,16.6,48068,23100,11046,10411,1795,210,450,406,634,21.8,18.6,56.7,67.7,62.8,60.5,82.6,9813
2377,Los Angeles,Beverly Hills Unified,Unified School District,32836,27291,24.8,2261,127472,2000001,41.9,8.1,22477,9117,6356,5668,762,76,137,84,271,4.5,-4.8,24.1,45.6,68.6,43.9,50.9,3074
2378,Los Angeles,Bonita Unified,Unified School District,63525,51148,20.9,23378,102937,765800,68.5,8.2,44141,15889,16533,8441,1909,177,414,204,567,-4.7,-2.8,22.4,26.5,34.0,24.4,36.6,9957
2379,Los Angeles,Burbank Unified,Unified School District,107529,88587,16.2,26074,95816,1041100,42.8,11.9,71029,35214,15179,16074,2483,356,645,304,754,36.6,33.9,70.1,78.2,84.3,83.1,93.9,14240
2380,Los Angeles,Castaic Union,Elementary School District,29469,23813,10.0,11946,130427,701200,83.6,6.2,16568,5550,6427,3332,772,68,199,55,157,-12.8,-11.7,38.1,34.7,45.8,38.1,55.4,1938
2381,Los Angeles,Centinela Valley Union High,High School District,148508,113224,9.9,94879,71352,740700,28.1,21.1,72005,40231,9950,16663,2242,346,572,697,1267,47.0,39.2,90.8,98.7,82.9,85.5,100.0,6537
2382,Los Angeles,Charter Oak Unified,Unified School District,37797,30333,14.7,18874,100115,704500,67.1,9.6,24662,10116,7646,5020,1057,108,222,145,343,4.4,4.0,33.4,35.2,41.9,36.9,52.6,4248
2383,Los Angeles,Claremont Unified,Unified School District,44079,36632,19.5,12361,116239,845100,64.2,8.0,27454,13355,6644,5482,1096,167,267,129,310,32.3,33.7,58.1,64.5,78.2,83.7,80.5,6261
2384,Los Angeles,Covina-Valley Unified,Unified School District,81476,64863,16.3,48874,93833,687100,59.5,14.6,48647,22408,12032,10477,1784,223,455,377,884,18.5,14.8,49.1,54.9,57.6,52.3,70.6,11143
2385,Los Angeles,Culver City Unified,Unified School District,40836,33244,17.7,8775,122312,1126900,55.1,8.2,28804,18507,3111,5723,744,141,189,102,275,64.5,64.6,89.2,96.5,97.7,97.7,98.0,6717
2386,Los Angeles,Downey Unified,Unified School District,124801,97257,14.1,93470,86320,715800,51.1,13.4,72563,36457,16202,15160,2488,309,669,497,758,23.9,16.7,57.6,68.3,61.6,54.4,78.5,22421
2387,Los Angeles,Duarte Unified,Unified School District,28095,22981,20.1,14459,98888,704100,63.9,15.3,17290,8440,3718,3969,527,65,137,94,334,29.8,26.0,57.9,67.2,66.6,65.7,79.1,7465
2388,Los Angeles,Eastside Union Elementary,Elementary School District,28501,20121,9.9,15456,65523,337700,71.7,23.5,14756,6490,3688,3328,657,51,140,150,250,11.3,8.1,62.9,67.9,64.1,65.3,80.5,3114
2389,Los Angeles,East Whittier City Elementary,Elementary School District,75637,58374,13.4,52398,102123,722600,69.5,7.7,49650,22777,14068,9452,1915,211,452,300,459,13.2,12.2,52.1,56.4,62.7,51.7,69.6,7769
2390,Los Angeles,El Monte City,Elementary School District,81000,64037,16.8,45080,71621,672800,47.0,22.7,37746,18050,6939,10329,1053,141,290,357,583,27.1,18.9,74.2,80.9,71.6,64.7,90.5,7045
2391,Los Angeles,El Monte Union High,High School District,168497,131942,16.4,99010,70211,660500,46.1,21.7,76051,37214,13109,20799,2114,308,574,779,1140,31.1,21.2,72.4,85.5,73.7,67.1,94.7,7677
2392,Los Angeles,El Rancho Unified,Unified School District,59555,47001,16.6,53813,86704,623300,70.1,16.2,36133,21372,5834,6883,1018,139,262,308,307,42.4,32.8,68.6,84.3,75.9,68.3,86.9,7110
2393,Los Angeles,El Segundo Unified,Unified School District,17281,13737,13.2,2999,149149,1521600,42.6,4.8,12502,5546,3172,2883,532,46,153,30,135,24.7,30.4,43.3,52.9,74.4,71.8,65.1,3563
2394,Los Angeles,Garvey Elementary,Elementary School District,51187,41869,18.6,14296,68727,715300,40.2,15.7,22428,10135,3578,7332,542,96,160,215,363,29.5,18.3,79.3,83.6,75.0,62.5,89.6,4266
2395,Los Angeles,Glendale Unified,Unified School District,219604,181847,18.9,36744,86884,1066100,37.7,19.4,128612,53927,31679,35356,3837,556,949,602,1665,22.7,13.5,62.2,70.9,71.5,69.8,91.3,25049
2396,Los Angeles,Glendora Unified,Unified School District,39433,31221,17.0,12537,117568,871000,68.0,8.3,27480,9036,10890,5496,1179,101,281,110,379,-11.4,-7.7,16.9,14.8,26.2,21.5,24.4,6363
2397,Los Angeles,Gorman Joint,Elementary School District,117,87,26.1,29,-666666666,425000,25.0,30.0,54,9,30,10,2,1,1,1,,-38.9,-40.5,14.8,20.7,9.9,36.3,38.1,1208
2398,Los Angeles,Hawthorne,Elementary School District,75740,57558,8.3,44118,66771,741000,18.0,22.6,35331,20274,4291,8132,1120,186,256,338,709,52.9,43.9,92.9,98.2,88.8,85.6,99.4,7025
2399,Los Angeles,Hermosa Beach City Elementary,Elementary School District,19775,16326,14.1,2099,152019,2000001,50.7,3.0,14427,6513,3357,3477,605,56,222,40,154,32.2,37.3,59.8,61.7,83.8,80.1,67.5,1325
2400,Los Angeles,Hughes-Elizabeth Lakes Union Elementary,Elementary School District,3354,2737,20.6,682,99706,399000,76.3,10.2,2281,533,1020,454,161,22,45,11,31,-32.6,-31.2,24.5,18.0,32.2,36.5,40.0,48
2401,Los Angeles,Inglewood Unified,Unified School District,111685,88655,14.5,52650,73886,782100,37.6,18.6,68535,45906,4498,13049,2064,283,395,550,1738,76.2,69.9,94.2,99.4,98.0,96.8,99.4,8724
2402,Los Angeles,Keppel Union Elementary,Elementary School District,21852,16332,14.6,14254,69042,343000,73.3,14.3,11381,4469,3345,2626,514,57,113,106,146,-2.5,-5.1,53.5,52.7,51.9,58.4,66.1,2909
2403,Los Angeles,La Canada Unified,Unified School District,18136,13794,20.6,1494,229125,2000001,92.4,2.7,13953,5475,4316,3486,390,31,118,15,120,17.0,22.9,25.0,30.8,62.2,58.4,22.1,3937
2404,Los Angeles,Lancaster Elementary,Elementary School District,127624,93092,12.5,57413,72888,400900,52.9,19.6,68929,30190,17142,15681,3227,288,694,637,1059,13.0,12.1,64.1,69.6,65.3,65.5,81.3,14837
2405,Los Angeles,Lawndale Elementary,Elementary School District,46550,36213,12.2,26990,85216,758500,46.2,16.7,24980,13066,4434,5710,857,110,235,212,346,36.8,31.4,77.9,88.4,81.1,78.5,95.1,4910
2406,Los Angeles,Lennox,Elementary School District,26198,19439,9.6,23761,60570,690400,27.2,24.6,11694,6890,1225,2821,265,50,81,147,212,55.4,43.4,94.7,98.6,87.0,81.3,99.2,5699
2407,Los Angeles,Little Lake City Elementary,Elementary School District,35806,28109,16.3,26772,100289,633000,74.8,12.4,22370,11747,4672,4564,714,94,188,152,232,28.1,21.3,67.1,74.0,69.6,64.3,85.8,3656
2408,Los Angeles,Long Beach Unified,Unified School District,518825,413804,13.5,220230,87723,772500,44.0,14.6,309763,160218,58551,66642,11929,1816,3154,2766,4573,38.3,37.2,68.0,77.0,83.7,80.8,88.7,64267
2409,Los Angeles,Los Angeles Unified,Unified School District,4661735,3742911,13.9,2349168,79825,827300,37.2,16.6,2581514,1464874,365817,579453,77288,13228,20035,20148,39590,49.9,43.6,79.9,94.5,93.0,88.1,97.7,529902
2410,Los Angeles,Los Nietos,Elementary School District,15440,12098,16.1,13533,85909,615100,66.4,16.5,9576,5405,1585,1947,306,46,81,101,100,40.6,33.1,75.4,91.1,75.5,70.8,93.3,1251
2411,Los Angeles,Lynwood Unified,Unified School District,67319,49415,9.5,59958,70054,568600,48.4,23.5,31412,18883,3284,7170,777,112,208,330,630,55.4,40.9,86.3,93.3,87.2,80.2,96.5,11386
2412,Los Angeles,Monrovia Unified,Unified School District,44469,35847,15.0,17367,99749,879400,50.4,10.6,28147,12998,6706,6158,1094,149,298,159,580,27.0,28.1,51.5,59.3,68.9,69.5,77.9,4935
2413,Los Angeles,Montebello Unified,Unified School District,160807,124262,14.6,133267,72256,643700,42.7,19.6,81290,46360,11803,18155,2149,397,588,802,1016,45.0,33.9,79.4,92.2,79.9,71.2,92.4,19967
2414,Los Angeles,Mountain View Elementary,Elementary School District,54458,40776,13.4,40916,62933,592000,36.0,24.6,20886,10863,2978,5622,623,93,151,251,301,41.2,28.8,90.1,95.1,78.5,72.6,98.0,4642
2415,Los Angeles,Newhall,Elementary School District,74241,57791,13.8,24582,115060,810700,61.6,8.5,47860,18051,16406,10000,2074,196,513,160,447,2.8,4.6,48.9,48.1,59.0,50.7,65.5,5928
2416,Los Angeles,Norwalk-La Mirada Unified,Unified School District,122608,97551,15.5,75866,100513,658500,69.8,12.5,72946,34459,17799,16022,2415,291,637,516,785,17.6,14.4,50.3,58.7,53.8,50.3,72.7,15052
2417,Los Angeles,Palmdale Elementary,Elementary School District,144342,103829,10.5,96216,73870,404500,60.6,23.1,74816,36293,15403,17450,3054,300,670,668,970,25.9,19.2,71.2,81.3,72.4,70.2,89.9,21205
2418,Los Angeles,Palos Verdes Peninsula Unified,Unified School District,61296,49258,26.3,5168,187069,1826600,82.8,2.6,46524,16817,15906,11148,1624,128,417,85,387,5.2,12.1,16.0,19.5,50.0,44.5,12.8,10393
2419,Los Angeles,Paramount Unified,Unified School District,78332,58528,9.9,57554,71758,549800,43.3,21.0,39319,22136,5642,8770,1213,158,328,397,656,46.1,35.6,82.6,93.0,80.5,76.2,96.2,12042
2420,Los Angeles,Pasadena Unified,Unified School District,204827,169999,18.5,64094,110316,1067000,50.7,9.8,138036,78479,22620,28581,4049,764,1143,650,1710,51.5,51.9,73.6,86.9,93.3,91.3,93.0,15219
2421,Los Angeles,Pomona Unified,Unified School District,170137,132039,13.5,112370,82492,600800,58.4,18.0,88168,42510,17189,21244,2973,459,786,982,2009,29.6,22.6,67.4,73.8,67.4,66.0,83.7,21633
2422,Los Angeles,Rosemead Elementary,Elementary School District,26674,21985,20.4,8435,81095,778100,54.6,14.5,13551,6213,2510,3976,337,51,108,140,211,27.5,17.0,72.6,75.5,72.8,60.6,87.0,2299
2423,Los Angeles,San Marino Unified,Unified School District,14564,11474,22.1,1138,178370,2000001,83.2,2.3,10486,3509,3038,3513,212,23,66,20,105,9.1,14.6,18.0,18.9,50.3,33.7,9.6,2933
2424,Los Angeles,Santa Monica-Malibu Unified,Unified School District,109807,94913,19.8,14892,117702,2000001,34.1,7.4,79908,46551,10657,17581,2692,507,761,288,833,55.5,56.0,80.8,90.1,95.9,94.2,94.2,8641
2425,Los Angeles,Saugus Union,Elementary School District,116405,88176,12.5,32487,136212,746400,78.7,7.1,79917,29590,28145,16481,3602,246,857,253,719,-0.9,1.0,46.9,41.8,55.4,44.8,62.3,9192
2426,Los Angeles,South Pasadena Unified,Unified School District,26992,20775,13.1,5617,128105,1545100,44.0,4.1,17906,10311,2585,4078,438,107,142,62,180,57.0,58.1,77.0,91.9,95.4,93.3,95.1,4687
2427,Los Angeles,South Whittier Elementary,Elementary School District,28061,21412,11.0,23559,103043,633700,63.0,11.3,15342,7738,3166,3347,504,66,143,163,209,28.2,18.1,70.0,86.0,70.4,67.9,90.3,2272
2428,Los Angeles,Sulphur Springs Union,Elementary School District,67170,51120,12.6,28214,111205,641100,69.3,12.5,42959,17236,13228,9221,1929,194,471,207,463,5.3,5.1,57.0,53.7,60.8,55.0,72.8,5211
2429,Los Angeles,Temple City Unified,Unified School District,35651,28767,19.1,6451,94646,942000,57.5,8.4,20074,7756,4639,6616,499,81,114,119,243,11.7,9.0,46.5,34.3,46.5,33.4,52.0,5253
2430,Los Angeles,Torrance Unified,Unified School District,147235,118620,18.2,28188,113663,1036600,54.8,6.6,94677,40103,27150,21573,3350,394,867,361,853,15.7,17.9,39.2,45.9,57.9,53.2,56.7,22109
2431,Los Angeles,Valle Lindo Elementary,Elementary School District,6335,5122,18.1,4558,84201,583600,77.0,17.8,3867,2088,682,872,101,23,25,31,45,35.6,22.5,75.9,87.6,74.4,68.4,88.8,875
2432,Los Angeles,West Covina Unified,Unified School District,61037,48852,17.4,34843,104900,710100,66.2,13.4,36315,16944,8363,8472,1222,182,264,316,543,22.7,16.9,52.0,63.4,60.5,52.0,76.2,14750
2433,Los Angeles,Westside Union Elementary,Elementary School District,71476,54188,14.1,24789,108214,529600,79.9,9.1,47927,15814,18661,9622,2309,181,533,246,552,-16.2,-13.7,37.9,37.7,41.8,37.7,50.7,9138
2434,Los Angeles,Whittier City,Elementary School District,67053,52882,15.4,52816,92006,676200,55.8,9.8,40831,21203,8692,8171,1467,215,359,325,388,31.1,26.0,67.3,74.2,74.6,69.0,86.4,5366
2435,Los Angeles,Whittier Union High,High School District,222013,172886,14.5,169089,96531,670200,65.0,10.1,137769,68870,32183,27481,4906,632,1223,1041,1388,24.0,19.7,57.9,65.8,69.7,56.6,81.6,10223
2436,Los Angeles,William S. Hart Union High,High School District,287298,220909,12.7,97233,122727,731600,72.2,8.7,187304,70427,64206,39034,8377,704,2040,675,1786,0.3,1.7,38.2,31.6,47.4,39.5,57.9,22135
2437,Los Angeles,Wilsona Elementary,Elementary School District,10848,7848,11.5,6913,61287,289200,71.9,15.7,5370,2197,1346,1340,257,30,66,69,62,7.2,2.3,62.5,67.1,62.9,65.1,74.6,1257
2438,Los Angeles,Compton Unified,Unified School District,158963,116701,10.8,108791,72427,552900,56.8,26.7,81614,50930,6617,17554,2355,265,469,840,2491,67.9,56.1,88.4,98.0,94.5,89.8,97.4,19743
2439,Los Angeles,Hacienda la Puente Unified,Unified School District,114908,91406,16.5,71714,100291,671900,71.9,12.2,66733,32179,13388,16914,1950,238,527,546,974,26.1,19.5,61.3,64.8,60.2,52.6,75.0,15767
2440,Los Angeles,Rowland Unified,Unified School District,107168,86409,18.3,47400,92444,724600,65.3,12.6,56516,24711,12242,16165,1558,223,398,432,772,20.4,13.9,64.5,62.8,56.7,46.2,77.6,13052
2441,Los Angeles,Walnut Valley Unified,Unified School District,56441,45766,20.4,9671,114706,935700,78.6,6.0,35570,13075,9364,11385,895,117,225,139,360,9.4,7.6,44.5,29.7,44.8,34.0,47.7,13815
2442,Los Angeles,San Gabriel Unified,Unified School District,42099,34755,18.8,11396,95149,929200,51.9,7.0,22568,9939,4652,6781,574,76,150,151,235,24.8,21.4,51.7,54.1,61.3,53.5,71.2,4840
2443,Los Angeles,Acton-Agua Dulce Unified,Unified School District,12265,10096,21.5,3395,115731,741000,91.2,8.8,8733,2095,4393,1496,475,45,121,39,69,-40.5,-37.7,2.3,0.9,7.6,7.9,5.8,12875
2444,Los Angeles,Manhattan Beach Unified,Unified School District,35658,27413,16.3,3146,193904,2000001,66.1,3.0,26691,11418,7480,6140,1000,73,298,44,232,23.9,31.3,23.3,36.9,77.0,65.1,25.6,5925
2445,Los Angeles,Redondo Beach Unified,Unified School District,71716,57177,14.9,12584,144588,1225400,53.4,4.9,48937,22671,11589,11294,1991,190,614,138,438,31.0,34.0,53.5,54.7,79.1,75.9,62.2,9485
2446,Los Angeles,Alhambra Unified,Unified School District,167708,139163,20.5,51498,84117,827200,45.4,12.2,86577,41121,14795,25765,2132,383,592,638,1126,34.3,26.7,74.4,79.7,75.0,64.8,88.4,14602
2447,Los Angeles,Wiseburn Unified,Unified School District,15019,11819,14.4,5523,146763,962500,73.4,6.5,10142,5182,2076,2245,336,46,123,43,88,35.1,35.0,58.4,60.5,80.2,78.2,69.8,5012
2550,Los Angeles,Lowell Joint,Elementary School District,35355,28032,18.0,17690,120013,824700,69.2,7.3,23063,8771,8376,4374,932,83,262,100,157,-4.3,-2.3,43.6,42.0,49.9,43.0,54.2,3029
2560,Los Angeles,Fullerton Joint Union High,High School District,262335,206987,15.2,117343,105667,812400,56.0,11.5,147779,59428,46379,33311,5118,594,1545,730,646,6.3,7.0,48.7,51.3,55.3,52.6,67.1,12826
2669,Los Angeles,Snowline Joint Unified,Unified School District,41803,31358,14.5,16078,80301,399000,79.1,16.0,26472,7352,11597,4928,1515,119,422,177,357,-33.6,-31.9,12.8,12.5,11.3,17.7,17.2,7967
3055,Los Angeles,Las Virgenes Unified,Unified School District,62948,49981,19.7,5974,167229,1289000,78.2,5.3,47516,20816,13041,10330,2059,162,475,125,493,18.2,18.4,40.1,42.2,71.2,61.6,43.6,9660
5242,Los Angeles,Antelope Valley Community College,Community College District,442576,324405,16.7,228569,78576,428314,72.4,14.0,246747,101740,69848,54825,11361,1033,2573,2016,3308,0.9,2.6,33.3,34.7,36.1,37.5,54.2,
5245,Los Angeles,Santa Clarita Community College,Community College District,287261,220882,12.8,97218,119570,695797,70.2,8.7,187278,70416,64197,39029,8377,703,2039,675,1786,0.2,1.7,18.1,9.7,31.9,22.2,38.9,
5247,Los Angeles,Compton Community College,Community College District,307879,227170,11.9,228843,81688,533600,58.6,21.6,153571,92598,15746,33787,4393,538,1019,1575,3785,59.6,47.1,90.3,97.2,87.5,84.7,98.6,
5248,Los Angeles,El Camino Community College,Community College District,566908,446956,16.1,202089,120692,1093605,53.1,9.0,347973,177612,69273,77336,12122,1434,3244,1903,4907,36.4,36.3,58.3,76.4,76.4,73.6,81.9,
5249,Los Angeles,Glendale Community College,Community College District,219204,181491,22.3,36675,129367,1226487,64.5,11.5,128617,53930,31680,35358,3837,556,949,602,1665,22.6,13.5,54.2,65.3,66.7,63.9,93.1,
5250,Los Angeles,Los Angeles Community College,Community College District,5335779,4287839,18.0,2593327,123132,1108924,59.8,11.0,2986729,1662119,450194,678750,89753,14944,23217,22433,44123,47.1,41.2,70.8,95.8,91.7,86.1,97.2,
5251,Los Angeles,Pasadena Area Community College,Community College District,408215,332124,18.5,105175,126925,892292,69.2,9.2,259851,129342,50640,65278,6978,1221,1986,1231,3109,38.3,38.3,56.9,68.1,75.0,75.0,79.2,
5252,Los Angeles,Santa Monica Community College,Community College District,110000,95076,21.6,14936,188029,1876236,69.1,4.8,79711,46434,10628,17542,2684,506,759,288,832,55.6,56.0,77.8,94.4,95.8,95.8,95.8,
5254,Los Angeles,Cerritos Community College,Community College District,436339,343989,17.0,245647,107200,748148,62.2,12.2,259492,123566,60354,58948,8599,1043,2213,1854,2836,20.9,16.8,51.4,55.6,51.4,47.2,70.8,
5255,Los Angeles,Citrus Community College,Community College District,225708,181340,17.5,104201,110866,706555,74.9,10.0,136561,61228,35661,29344,5198,660,1324,817,2298,19.9,19.6,44.4,41.7,52.8,55.6,62.5,
5257,Los Angeles,Long Beach Community College,Community College District,514423,410312,14.8,217848,104665,799032,54.1,11.9,307734,159317,57980,66225,11850,1801,3135,2753,4560,38.6,37.4,62.5,80.6,80.6,76.4,91.7,
5258,Los Angeles,Mt. San Antonio Community College,Community College District,789655,626243,18.2,441379,109103,786348,71.1,10.5,450339,204500,104488,110096,14647,1937,3704,3623,7245,19.6,15.0,50.0,52.8,48.6,40.3,65.3,
5259,Los Angeles,North Orange County Community College,Community College District,950011,742181,15.2,409434,131380,903698,63.1,9.3,530647,207391,171535,120754,18661,2069,5517,2847,1784,2.8,3.5,31.9,31.9,33.3,30.6,43.1,
5261,Los Angeles,Rio Hondo Community College,Community College District,400593,311414,16.2,303302,102981,710696,65.2,13.0,225052,116128,46228,48041,7392,984,1864,1892,2462,29.1,22.7,55.6,70.8,56.9,48.6,84.7,
9,San Diego,San Diego County,County,3302265,2612399,15.0,1121002,102285,791600,54.5,10.7,2019776,816702,560516,485173,94311,9232,23740,11212,8637,16.0,16.8,69.0,65.5,69.0,70.7,69.0,
599,San Diego,City of Carlsbad,City,114746,89732,18.4,17302,139326,1156900,63.3,4.9,83971,31691,26502,18949,4606,320,1066,214,289,11.8,17.0,43.6,29.1,51.0,54.8,30.1,
610,San Diego,City of Chula Vista,City,275487,207895,12.8,164698,105173,697400,60.2,12.1,175404,76647,42774,44536,6616,666,1564,1127,586,21.5,16.9,64.1,59.1,55.4,59.5,69.5,
629,San Diego,City of Coronado,City,20192,16487,22.8,3406,135056,1998900,54.6,3.3,11294,3514,4171,2695,647,29,147,29,26,-1.0,7.0,20.1,21.4,41.5,33.4,11.8,
643,San Diego,City of Del Mar,City,3954,3452,32.6,274,192845,2000001,54.3,2.4,3283,1380,905,747,171,10,33,10,11,23.5,27.3,45.9,40.5,72.4,78.2,32.0,
658,San Diego,City of El Cajon,City,106215,80166,13.6,31271,66478,632800,41.1,26.6,53902,17250,18688,13025,2782,238,597,409,317,-9.7,-13.4,33.2,32.0,27.6,34.0,49.8,
665,San Diego,City of Encinitas,City,62007,49682,20.3,9357,150471,1466000,66.4,3.9,45575,19823,11394,10587,2475,215,587,118,210,28.6,32.0,55.4,46.5,73.9,84.0,44.2,
667,San Diego,City of Escondido,City,151038,114585,14.2,78226,84477,663500,52.2,12.6,81079,30703,24740,19029,3787,372,1046,568,474,4.6,7.4,43.8,36.5,38.4,49.2,50.4,
723,San Diego,City of Imperial Beach,City,26137,20217,12.3,13369,79071,811000,30.7,15.1,14067,5261,3922,3584,711,79,200,117,57,8.9,5.0,57.5,60.0,50.4,61.0,74.3,
740,San Diego,City of La Mesa,City,61121,49394,15.7,15686,84337,738800,46.0,9.7,39127,17366,9875,8626,2011,190,555,189,168,24.6,27.0,61.0,54.2,63.9,77.2,67.2,
759,San Diego,City of Lemon Grove,City,27627,21513,14.9,12850,79278,640600,53.3,19.1,17080,7559,3903,4176,793,104,176,180,99,24.3,21.4,60.6,60.6,60.2,74.5,68.3,
816,San Diego,City of National City,City,56173,43156,15.2,37086,64248,580900,34.2,21.6,28650,13278,5685,7561,1002,140,234,316,174,30.0,18.4,83.4,90.9,63.7,68.1,92.3,
828,San Diego,City of Oceanside,City,174068,139250,15.9,63316,93724,702000,58.5,9.7,110343,42299,33747,24569,5990,550,1505,643,494,9.9,11.3,49.8,37.3,47.3,56.4,50.8,
868,San Diego,City of Poway,City,48841,37567,19.2,9017,143825,971500,75.7,6.8,34068,11324,12105,8101,1692,114,415,116,98,-1.0,5.0,27.0,11.2,35.1,42.3,18.7,
902,San Diego,City of San Diego,City,1386932,1125069,14.2,411286,104321,848500,47.6,10.3,834876,383080,178893,211557,35326,4182,9070,4793,3552,33.4,33.6,76.4,64.1,76.1,82.0,74.7,
914,San Diego,City of San Marcos,City,94833,70648,13.3,34878,105286,792400,63.0,8.7,55987,21458,16810,13321,2885,210,653,268,199,10.0,13.1,50.6,38.4,47.1,55.4,47.9,
932,San Diego,City of Santee,City,60037,46677,16.5,12522,105613,653400,71.9,10.4,39451,11819,16112,8190,2195,132,581,138,129,-15.6,-12.3,18.9,10.0,19.7,22.4,24.5,
945,San Diego,City of Solana Beach,City,12941,10621,23.6,1853,150820,1934700,68.4,2.3,9454,4019,2558,2187,464,30,118,16,29,25.6,30.4,53.1,48.8,73.4,83.8,37.3,
988,San Diego,City of Vista,City,98381,75469,12.6,49744,91854,674400,49.2,9.2,54457,21163,15541,12873,2800,287,763,416,326,10.1,10.6,51.2,43.2,46.9,59.1,57.1,
2674,San Diego,Alpine Union Elementary,Elementary School District,18923,14811,17.3,3404,115625,786800,75.8,7.6,13866,2791,7484,2416,770,53,202,45,96,-43.8,-41.7,18.0,8.3,21.3,20.1,16.4,1539
2675,San Diego,Borrego Springs Unified,Unified School District,3396,2907,41.7,1306,71582,380900,73.1,1.0,2022,795,633,432,97,12,23,13,17,10.4,12.9,62.5,61.9,59.3,57.9,53.8,2837
2676,San Diego,Cajon Valley Union,Elementary School District,172130,131753,15.9,48037,77659,658900,53.2,22.3,92834,28272,36460,20534,4606,333,1050,566,961,-17.9,-19.8,47.3,47.1,45.6,45.6,58.2,17947
2677,San Diego,Cardiff Elementary,Elementary School District,11945,9767,16.7,1586,161125,1787100,59.1,4.1,8672,3919,2079,1991,437,38,112,23,71,32.9,34.4,73.4,68.8,85.4,87.4,68.4,649
2678,San Diego,Chula Vista Elementary,Elementary School District,316662,240567,13.7,189411,106126,701200,61.7,11.6,198018,87997,47820,49536,7249,775,1821,1297,1451,20.7,16.1,74.8,72.0,71.4,70.6,81.7,28964
2679,San Diego,Coronado Unified,Unified School District,20658,17098,21.3,3557,135056,1998900,54.6,3.3,10696,3375,3974,2517,582,29,136,25,57,-0.9,7.4,30.5,32.9,52.3,44.2,19.8,2739
2680,San Diego,Dehesa Elementary,Elementary School District,2415,1943,20.6,476,144219,828300,79.1,5.5,1749,402,839,354,98,4,23,11,18,-37.5,-35.4,20.9,18.9,25.4,21.9,20.9,11667
2681,San Diego,Del Mar Union Elementary,Elementary School District,49920,37617,13.5,4663,196101,1632800,59.4,3.7,31943,13408,7519,9155,1212,89,286,77,187,27.9,31.3,72.2,58.6,78.9,78.3,60.4,3662
2682,San Diego,Encinitas Union Elementary,Elementary School District,74084,58321,20.7,10151,161564,1352700,70.3,3.4,53816,22719,14851,12180,2635,211,687,118,394,23.4,28.1,66.7,59.8,77.5,80.5,61.7,4444
2683,San Diego,Escondido Union,Elementary School District,171845,131560,15.1,82766,87874,704600,56.5,11.7,94728,34874,30670,21559,4390,414,1280,597,916,1.6,4.5,60.2,55.8,59.8,62.1,67.1,17061
2684,San Diego,Escondido Union High,High School District,175229,134053,14.9,83481,88952,714600,57.1,11.5,97049,35517,31728,22016,4493,419,1316,604,928,1.1,4.1,54.0,44.7,54.0,61.8,59.2,8916
2685,San Diego,Fallbrook Union Elementary,Elementary School District,67528,55568,12.2,25460,87269,767900,56.9,7.4,28127,8355,11298,6099,1410,131,446,143,243,-17.1,-14.2,43.8,39.6,43.2,45.4,44.0,5124
2686,San Diego,Fallbrook Union High,High School District,69799,57393,12.6,26332,87133,764100,57.8,7.4,29565,8767,11849,6428,1499,133,474,155,256,-17.2,-14.5,31.6,27.6,34.2,34.2,31.6,2064
2687,San Diego,Grossmont Union High,High School District,485992,376692,16.0,141560,100979,656900,64.8,13.8,292631,98716,106865,63057,14674,1215,3790,1608,2541,-8.0,-7.5,43.4,38.2,44.7,50.0,48.7,21697
2688,San Diego,Jamul-Dulzura Union Elementary,Elementary School District,8929,7171,22.3,2932,147724,837300,89.7,5.9,7068,1909,3182,1433,323,21,107,35,53,-31.6,-29.7,23.9,20.5,30.8,32.2,25.8,801
2689,San Diego,Julian Union Elementary,Elementary School District,4074,3389,35.8,728,71719,541700,86.0,5.5,2900,801,1248,581,166,23,49,10,21,-16.3,-14.6,40.8,33.7,44.2,51.3,39.8,1949
2690,San Diego,Julian Union High,High School District,4555,3806,33.9,812,72461,548300,84.2,5.2,3177,884,1364,634,183,25,54,10,22,-15.9,-13.9,27.6,22.4,35.5,47.4,29.0,118
2691,San Diego,La Mesa-Spring Valley,Elementary School District,138473,108806,15.5,47005,94389,701000,57.4,12.6,86466,36364,23924,19227,4130,429,1143,488,710,16.0,17.4,69.0,64.1,71.0,75.2,75.2,11032
2692,San Diego,Lemon Grove,Elementary School District,37400,28871,14.6,16105,81764,646000,53.4,16.6,21608,9844,4763,5209,1003,116,240,194,230,26.7,24.3,75.0,78.1,75.7,79.7,82.8,3122
2693,San Diego,Mountain Empire Unified,Unified School District,11907,9281,21.9,3605,74744,405200,77.2,14.0,8340,1980,3928,1643,502,31,128,49,74,-39.1,-38.2,10.8,8.1,10.8,18.3,14.2,4284
2694,San Diego,National Elementary,Elementary School District,56519,43402,15.2,37670,63275,579100,34.3,22.3,27852,13192,5275,7322,949,126,245,313,410,30.6,18.7,89.6,95.3,76.5,76.7,96.5,4569
2695,San Diego,Poway Unified,Unified School District,204829,155440,17.1,25922,151590,1005500,71.5,5.8,134342,49692,41083,34994,5632,416,1354,403,737,11.3,16.3,54.7,34.9,57.0,59.9,40.1,34935
2696,San Diego,Ramona City Unified,Unified School District,36985,28635,16.9,9699,120271,728900,76.3,8.5,25157,5790,12230,4885,1457,93,439,90,165,-33.8,-30.1,11.9,4.1,15.4,15.7,9.9,5077
2697,San Diego,Rancho Santa Fe Elementary,Elementary School District,6200,4990,28.6,527,188594,2000001,95.0,1.8,4941,1286,2111,1172,264,5,65,5,32,-18.8,-9.9,24.1,23.1,49.3,37.9,10.5,543
2698,San Diego,San Diego Unified,Unified School District,1066808,881797,14.0,303674,98076,824100,43.5,10.8,611487,293430,124342,148382,25297,3231,7238,3619,5693,37.3,37.4,86.1,81.1,88.4,88.4,85.8,114330
2699,San Diego,San Dieguito Union High,High School District,183586,143086,18.2,20937,174930,1600500,67.9,3.4,129331,52979,34946,32629,5757,425,1445,267,838,22.3,26.8,63.2,50.0,76.3,79.0,43.4,12364
2700,San Diego,San Pasqual Union Elementary,Elementary School District,3382,2492,13.2,715,172417,987600,88.4,3.2,2321,643,1058,457,103,5,36,7,12,-18.0,-10.8,42.0,28.4,42.0,38.7,30.8,527
2701,San Diego,Santee,Elementary School District,64115,49826,16.3,13454,105934,654700,71.4,10.3,41048,12351,16899,8495,2167,143,601,147,225,-16.0,-13.0,45.8,39.8,48.1,46.2,52.3,6159
2702,San Diego,San Ysidro Elementary,Elementary School District,39228,29662,10.7,30962,84177,610800,46.7,19.8,21642,10478,3935,6003,556,91,176,213,185,33.0,18.5,93.9,95.7,76.3,73.6,97.8,4205
2703,San Diego,Solana Beach Elementary,Elementary School District,41425,32383,18.4,4010,179467,1862400,73.3,2.8,29959,11647,8386,8131,1209,82,295,44,154,17.9,23.2,63.3,54.0,74.2,73.4,50.3,2730
2704,San Diego,South Bay Union,Elementary School District,76633,58896,13.1,52564,75479,610700,42.8,19.1,43560,19444,9585,11430,1610,199,461,397,416,20.9,13.4,83.6,89.2,72.6,73.2,93.5,5595
2705,San Diego,Spencer Valley Elementary,Elementary School District,481,417,21.1,84,74196,668100,69.7,2.7,328,95,139,63,19,3,6,,2,-12.8,-10.2,42.8,33.9,48.7,52.3,42.8,3885
2706,San Diego,Sweetwater Union High,High School District,489063,372541,13.5,310622,91862,672000,54.5,14.6,291073,131112,66615,74291,10364,1191,2703,2220,2462,22.3,16.1,73.7,80.3,72.4,73.7,89.5,36686
2707,San Diego,Vallecitos Elementary,Elementary School District,2271,1825,26.1,872,82083,697400,78.1,7.1,1438,412,551,329,89,2,28,12,13,-19.2,-19.9,46.8,40.4,43.4,49.3,43.2,190
2708,San Diego,Vista Unified,Unified School District,153881,120757,15.4,66406,98727,710200,61.0,8.7,91653,34608,28916,20413,4471,452,1276,554,941,5.6,7.3,50.0,41.0,51.2,59.0,54.7,21524
2709,San Diego,Carlsbad Unified,Unified School District,78444,61936,18.4,14349,119195,1112600,58.4,5.8,55230,20880,17394,12461,2862,236,757,156,474,11.0,15.9,53.2,39.5,59.9,62.8,45.6,10832
2710,San Diego,Oceanside Unified,Unified School District,136503,107692,12.4,51955,84964,676600,46.8,9.6,74106,28950,21655,16889,3906,378,1111,450,756,12.7,12.4,66.9,55.8,61.1,70.9,68.3,17839
2711,San Diego,San Marcos Unified,Unified School District,127364,96600,14.8,41766,109304,829100,63.7,8.6,76702,29336,23885,17550,3818,285,969,307,535,9.4,13.0,58.7,46.2,56.4,62.5,53.2,19456
2712,San Diego,Warner Unified,Unified School District,2029,1769,37.0,383,64103,395800,79.7,15.4,1536,455,640,272,104,13,22,15,14,-21.8,-18.7,21.8,15.4,24.7,38.1,21.5,2528
2713,San Diego,Valley Center-Pauma Unified,Unified School District,27478,21774,22.0,8714,116047,749700,86.4,3.9,19415,5269,8419,4036,1036,93,278,93,183,-23.7,-19.3,17.2,8.7,21.2,23.8,14.8,3711
2714,San Diego,Bonsall Unified,Unified School District,19633,15228,20.7,4984,135866,859800,81.6,6.2,14129,4214,5748,2914,789,69,229,60,102,-17.7,-13.4,26.7,15.1,28.5,31.1,18.3,2231
5204,San Diego,Grossmont-Cuyamaca Community College,Community College District,498225,386267,20.9,145302,84679,535096,77.8,11.8,301110,100771,110819,64721,15184,1247,3921,1661,2617,-8.4,-8.3,25.0,13.9,26.4,31.9,30.6,
5206,San Diego,MiraCosta Community College,Community College District,404706,317553,4.0,87918,143087,1394529,26.7,3.7,262469,104293,75099,62932,12702,1050,3354,881,2096,17.2,20.5,52.8,40.3,61.1,65.3,37.5,
5207,San Diego,Palomar Community College,Community College District,819982,634069,11.8,269320,96979,594679,49.2,5.1,490936,173964,165270,113577,23415,2004,6410,2289,3886,1.6,4.9,40.3,18.1,41.7,43.1,29.2,
5208,San Diego,San Diego Community College,Community College District,1065814,881421,13.2,303421,119699,959592,51.4,8.4,610979,293067,124345,148324,25256,3222,7211,3621,5677,37.1,37.4,88.9,81.9,84.7,87.5,88.9,
5209,San Diego,Southwestern Community College,Community College District,510328,390249,12.3,314231,122357,760761,69.6,10.9,301615,134408,70572,76763,10944,1220,2837,2244,2515,21.1,15.7,69.4,73.6,58.3,59.7,80.6,
8465,San Diego,Lakeside Union Elementary,Elementary School District,43571,33488,16.0,10145,100979,656900,64.8,13.8,27990,6783,13312,5389,1577,116,424,122,248,-33.8,-31.1,,,,,,
24,San Bernardino,San Bernardino County,County,2180097,1627498,12.3,1170378,82184,475000,61.5,16.6,1231395,476543,379725,268957,61065,5193,13383,10277,13265,0.4,-2.1,46.6,53.5,48.3,50.0,60.3,
536,San Bernardino,City of Adelanto,City,38046,25779,7.7,24158,68419,318300,60.6,37.4,16760,7583,3348,4212,904,68,128,207,266,21.3,11.1,64.7,80.9,52.3,65.4,71.8,
549,San Bernardino,City of Apple Valley,City,75791,56634,16.9,28989,65926,377300,69.3,20.2,47700,13444,20551,8983,3132,152,594,348,406,-29.6,-28.4,8.5,8.1,6.4,10.6,10.8,
565,San Bernardino,City of Barstow,City,25415,17524,12.6,11295,51811,222600,45.7,28.5,11471,3792,3625,2692,843,45,143,172,115,-10.4,-13.8,35.9,43.8,24.9,33.8,29.3,
575,San Bernardino,City of Big Bear Lake,City,5046,4215,20.6,1205,74728,517900,67.2,6.8,2795,726,1257,550,171,13,43,13,18,-22.6,-16.7,16.2,14.9,16.6,19.1,11.0,
607,San Bernardino,City of Chino,City,91403,70947,12.2,46841,103845,641500,62.9,9.3,53991,20870,17423,11749,2319,208,498,328,480,-0.7,-2.5,24.1,25.5,21.8,21.0,39.8,
608,San Bernardino,City of Chino Hills,City,78411,61416,13.3,22084,122600,830000,70.6,7.4,48767,16841,16968,11741,1911,173,419,213,383,-4.6,-4.5,21.4,13.3,18.3,13.9,28.8,
621,San Bernardino,City of Colton,City,53909,39547,11.0,39779,69581,411100,52.3,16.1,27424,12777,5806,6421,1204,120,231,299,489,26.9,17.7,62.2,77.6,51.9,53.7,73.0,
678,San Bernardino,City of Fontana,City,208393,151778,9.4,141269,98187,558500,67.2,15.8,121008,55431,28616,27803,5021,518,1105,1057,1147,20.7,12.4,53.5,59.5,47.9,51.9,63.5,
696,San Bernardino,City of Grand Terrace,City,13150,10319,17.6,6297,83668,465800,61.0,11.7,8130,2985,2705,1684,458,33,97,56,97,-2.2,-4.2,23.4,26.4,25.5,28.4,35.3,
712,San Bernardino,City of Hesperia,City,99818,71213,10.7,58648,68971,366800,65.8,21.3,56926,18683,20308,12583,3205,213,694,547,545,-21.4,-23.3,16.0,26.1,10.6,21.4,26.1,
714,San Bernardino,City of Highland,City,56999,41404,11.8,31624,77979,455200,65.9,21.3,31998,12687,9762,6804,1537,124,308,261,447,0.6,-2.3,32.6,33.0,29.5,31.7,41.7,
767,San Bernardino,City of Loma Linda,City,24791,19866,17.5,6908,82824,557800,40.0,8.7,14404,5375,4268,3575,688,63,157,101,143,10.7,11.3,56.0,63.3,41.9,49.0,66.0,
802,San Bernardino,City of Montclair,City,37865,28543,12.1,27222,76338,549600,53.9,16.6,19073,9070,4219,4335,749,75,215,217,156,26.2,17.9,58.5,75.3,53.5,55.8,75.1,
817,San Bernardino,City of Needles,City,4931,3816,23.2,1255,39876,134400,54.8,35.9,2255,617,926,465,164,8,32,19,23,-20.8,-20.1,38.8,35.7,16.8,28.0,28.2,
830,San Bernardino,City of Ontario,City,175265,131894,10.3,119928,82806,568000,57.3,13.8,97588,44107,23932,22075,4119,385,968,901,858,17.2,11.4,47.9,56.9,43.6,46.7,63.7,
870,San Bernardino,City of Rancho Cucamonga,City,174453,134827,13.8,65261,109511,694400,63.3,8.5,111280,40458,39108,22836,5600,494,1104,544,934,-3.4,-3.8,23.0,20.8,24.1,25.3,33.8,
876,San Bernardino,City of Redlands,City,73168,57174,15.1,25746,99158,583000,57.4,9.2,48109,18222,16064,9747,2460,221,608,305,399,4.1,5.8,29.5,29.7,33.6,41.3,41.1,
880,San Bernardino,City of Rialto,City,104026,75391,10.4,77345,85521,454400,64.5,20.0,57626,27882,11385,13611,2397,235,542,645,739,30.0,20.3,62.5,80.1,55.0,61.6,72.8,
898,San Bernardino,City of San Bernardino,City,222101,159602,10.1,151125,63988,384900,48.5,25.5,107432,48214,24673,24777,4684,448,1006,1258,2026,22.3,14.2,58.9,76.6,52.5,57.3,68.9,
977,San Bernardino,City of Twentynine Palms,City,28065,22199,6.7,6851,56000,238400,37.4,16.8,8676,2528,2955,2211,564,46,182,79,88,-8.3,-9.3,48.3,49.6,38.8,58.5,40.9,
980,San Bernardino,City of Upland,City,79040,62070,15.2,35190,101407,688800,56.9,9.8,50032,18989,17028,9929,2493,246,565,258,425,-0.3,0.5,25.3,22.6,28.8,28.8,35.9,
985,San Bernardino,City of Victorville,City,134810,94490,10.3,74745,70663,342500,58.5,28.4,70266,28661,18255,16323,3982,297,742,814,1001,8.2,2.8,45.6,58.7,40.0,48.8,56.2,
1016,San Bernardino,City of Yucaipa,City,54542,41692,16.3,18784,92401,466000,72.0,14.7,36334,8818,17722,6428,2215,117,517,185,263,-35.5,-34.7,3.7,4.6,3.7,5.0,9.5,
1017,San Bernardino,City of Yucca Valley,City,21738,17069,20.6,5074,55302,321300,62.8,14.4,13228,3787,5307,2763,888,67,189,75,119,-20.7,-20.3,20.3,21.0,16.0,34.4,23.7,
2324,San Bernardino,Muroc Joint Unified,Unified School District,5531,3860,8.9,1257,70038,112500,39.3,15.8,2013,530,829,442,119,14,22,22,34,-32.6,-31.5,11.6,18.3,11.9,25.6,16.0,1802
2339,San Bernardino,Sierra Sands Unified,Unified School District,35357,26775,15.7,7343,83723,236600,64.0,16.3,21421,4836,10124,4299,1226,101,447,132,252,-33.3,-28.5,13.1,12.2,14.2,22.1,12.2,5122
2414,San Bernardino,Mountain View Elementary,Elementary School District,54458,40776,13.4,40916,62933,592000,36.0,24.6,20886,10863,2978,5622,623,93,151,251,301,41.2,28.8,90.1,95.1,78.5,72.6,98.0,4642
2597,San Bernardino,Beaumont Unified,Unified School District,65640,49191,17.9,25792,97665,452600,81.7,12.0,46839,16193,17866,8902,2430,157,543,263,480,-13.0,-12.9,25.3,27.6,27.6,26.5,38.1,18137
2642,San Bernardino,Adelanto Elementary,Elementary School District,62138,42643,8.2,37690,80465,355100,67.4,33.1,30747,13581,7060,7112,1625,132,263,365,606,14.2,6.6,69.4,82.1,65.7,70.0,78.9,8348
2643,San Bernardino,Alta Loma Elementary,Elementary School District,54343,43185,19.7,18239,109610,768300,74.9,8.1,38397,12461,16003,6882,1979,131,400,149,383,-16.5,-14.8,32.9,31.6,40.2,34.9,40.2,5599
2644,San Bernardino,Barstow Unified,Unified School District,35709,25132,13.7,15896,58363,216000,49.7,27.1,16638,5220,5870,3677,1162,63,217,207,218,-20.3,-23.0,34.6,37.8,26.5,34.9,29.4,6318
2645,San Bernardino,Bear Valley Unified,Unified School District,19181,15740,21.0,4356,74800,444000,70.5,9.6,11556,2953,5371,2122,689,64,174,60,122,-25.3,-22.8,21.2,22.4,23.8,30.5,20.1,2132
2646,San Bernardino,Central Elementary,Elementary School District,41388,31967,14.8,17608,98678,592600,57.9,10.3,25082,9887,7923,5134,1282,121,248,156,328,4.1,2.2,58.0,58.4,58.4,59.0,72.4,4327
2647,San Bernardino,Chaffey Joint Union High,High School District,422660,320958,8.7,228157,110066,632800,77.1,8.9,246028,103213,71777,51770,11036,1050,2545,1678,2920,7.2,4.5,47.4,55.3,52.6,51.3,60.5,22628
2648,San Bernardino,Chino Valley Unified,Unified School District,185546,143520,12.8,79910,111730,703400,67.6,8.8,113228,42536,37565,25204,4503,405,1059,609,1338,-2.9,-4.0,33.1,29.4,33.4,27.9,45.9,26473
2649,San Bernardino,Colton Joint Unified,Unified School District,118083,87890,11.7,84189,77469,449300,59.1,16.4,61396,28169,14052,13991,2582,244,595,601,1154,19.3,10.6,64.2,75.0,55.5,57.6,70.9,18912
2650,San Bernardino,Cucamonga Elementary,Elementary School District,31356,24485,8.4,15415,78165,541400,30.7,11.6,17394,8156,3936,3863,776,78,203,133,246,25.3,19.1,74.4,82.5,72.0,74.8,92.9,2296
2651,San Bernardino,Etiwanda Elementary,Elementary School District,97354,72643,9.2,35892,136563,703400,75.3,7.5,60998,23993,19389,12989,2815,265,587,271,679,3.6,2.1,55.0,53.3,55.8,54.4,63.1,13599
2652,San Bernardino,Fontana Unified,Unified School District,183825,133286,9.7,138850,88384,496200,60.0,17.9,96109,46585,20002,22249,3609,410,926,973,1339,25.5,14.7,71.2,82.3,60.8,66.6,79.9,33410
2653,San Bernardino,Helendale Elementary,Elementary School District,6925,5386,21.8,1928,110586,339700,87.2,5.1,4303,1013,2065,750,332,16,52,33,41,-34.9,-30.1,31.4,30.8,28.6,29.0,31.8,7311
2654,San Bernardino,Morongo Unified,Unified School District,71334,57386,15.1,16156,53918,274500,57.8,16.9,34174,10556,12702,7206,2240,201,612,243,407,-11.3,-11.3,41.9,40.1,42.2,61.1,47.1,7359
2655,San Bernardino,Mt. Baldy Joint Elementary,Elementary School District,337,287,40.2,31,120500,339700,89.1,2.6,308,117,104,51,20,3,9,1,3,1.1,-2.0,51.1,52.9,68.6,66.3,72.2,97
2656,San Bernardino,Needles Unified,Unified School District,7116,5668,28.5,1616,40056,138700,62.1,29.1,3003,809,1303,578,219,10,33,22,28,-25.4,-24.3,42.4,44.5,26.7,33.1,35.5,930
2657,San Bernardino,Ontario-Montclair,Elementary School District,167762,125301,10.7,126231,75286,539100,53.8,15.5,81256,38844,18093,17915,3284,363,862,836,1047,21.6,14.8,69.2,81.5,67.3,67.7,82.1,17944
2658,San Bernardino,Oro Grande,Elementary School District,863,641,14.3,532,75000,313700,58.1,28.5,443,134,151,107,25,1,7,8,8,-27.4,-16.3,35.5,46.4,29.2,33.9,47.1,5724
2659,San Bernardino,Redlands Unified,Unified School District,132395,103383,14.9,45680,98903,560400,58.7,9.7,84816,31534,28794,17339,4234,390,1033,490,985,1.2,2.2,39.5,39.2,43.6,47.4,49.7,19920
2660,San Bernardino,Rialto Unified,Unified School District,128922,93729,10.5,95865,84489,447200,70.0,19.5,69931,34063,14101,15903,2797,281,672,774,1329,28.7,18.9,70.9,86.1,65.1,68.9,79.7,23461
2661,San Bernardino,Rim of the World Unified,Unified School District,30334,24608,21.2,7081,85323,420200,77.4,10.5,18972,5325,8536,3280,1087,130,338,81,190,-22.0,-18.7,19.8,19.2,22.4,27.6,22.7,2853
2662,San Bernardino,San Bernardino City Unified,Unified School District,274805,197004,9.8,184923,63524,385900,49.4,25.6,131386,58757,31269,29007,5664,540,1269,1506,3355,18.6,10.9,66.3,80.8,59.0,63.4,73.8,49407
2663,San Bernardino,Trona Joint Unified,Unified School District,1697,1275,18.0,364,67623,68300,68.8,21.1,859,171,419,150,68,8,23,9,12,-48.9,-47.4,10.5,23.0,9.0,32.3,14.0,248
2664,San Bernardino,Victor Elementary,Elementary School District,110300,77458,11.6,58462,64927,336400,56.2,27.1,54260,21416,15362,11920,3146,219,572,589,1026,0.8,-2.8,60.8,66.7,57.4,60.8,70.2,12402
2665,San Bernardino,Victor Valley Union High,High School District,180236,126134,10.7,98616,70836,343000,61.1,27.8,89753,36144,24638,19889,5128,368,894,995,1681,2.4,-1.5,56.6,63.2,51.3,59.2,65.8,12345
2666,San Bernardino,Yucaipa-Calimesa Joint Unified,Unified School District,63049,48348,17.0,21250,93911,469800,74.1,13.6,41767,10344,20440,7147,2470,139,587,199,432,-35.7,-35.1,11.3,11.3,8.7,9.3,16.3,9519
2667,San Bernardino,Baker Valley Unified,Unified School District,548,379,7.7,364,-666666666,114700,28.8,16.2,177,46,53,56,11,2,5,1,3,-26.5,-19.8,36.1,35.5,20.1,49.4,57.6,129
2668,San Bernardino,Silver Valley Unified,Unified School District,12096,8795,6.7,3209,63714,177100,25.8,9.9,3220,769,1337,726,228,13,71,24,52,-36.0,-34.2,25.9,25.3,18.3,27.3,24.1,2030
2669,San Bernardino,Snowline Joint Unified,Unified School District,41803,31358,14.5,16078,80301,399000,79.1,16.0,26472,7352,11597,4928,1515,119,422,177,357,-33.6,-31.9,12.8,12.5,11.3,17.7,17.2,7967
2670,San Bernardino,Hesperia Unified,Unified School District,109982,78981,11.0,63627,71410,369600,66.6,21.2,62588,20577,22792,13299,3497,242,766,568,836,-22.5,-24.1,24.7,33.7,21.5,31.4,33.7,25356
2671,San Bernardino,Lucerne Valley Unified,Unified School District,6355,5057,19.7,2026,44216,238200,67.2,31.2,3506,781,1727,569,270,14,63,28,54,-42.2,-43.4,4.7,9.3,10.2,14.0,9.0,12716
2672,San Bernardino,Upland Unified,Unified School District,78025,61599,15.3,33417,104205,707800,58.4,9.8,50026,18956,17472,9626,2380,220,569,241,555,-2.2,-0.8,32.9,29.9,38.7,37.8,44.2,9804
2673,San Bernardino,Apple Valley Unified,Unified School District,84586,63617,17.0,31417,68166,376000,70.8,19.6,53131,14445,23705,9746,3432,183,663,368,581,-32.5,-31.1,15.7,16.0,13.4,16.9,16.6,15252
5235,San Bernardino,Kern Community College,Community College District,995987,708242,23.7,560067,61259,237756,61.4,14.1,497746,168796,183192,103647,22925,1711,6183,3764,7449,-15.6,-19.0,8.3,20.8,6.9,9.7,6.9,
5263,San Bernardino,Barstow Community College,Community College District,48398,34353,10.5,19483,57485,162381,38.3,15.1,20041,6036,7263,4460,1401,78,293,232,273,-23.1,-24.7,13.9,25.0,9.7,18.1,15.3,
5264,San Bernardino,Chaffey Community College,Community College District,873633,661976,12.5,482326,104500,615725,70.2,9.8,507813,212468,147426,109314,21613,2092,5122,3519,6187,6.3,3.6,37.5,33.3,34.7,33.3,44.4,
5267,San Bernardino,Palo Verde Community College,Community College District,22322,16879,20.9,10389,53340,171633,62.6,23.7,9987,3102,3946,2044,566,34,90,91,114,-20.5,-22.5,23.6,38.9,12.5,11.1,18.1,
5269,San Bernardino,Copper Mountain Community College,Community College District,71301,57353,4.6,16150,63390,274007,30.4,9.9,34172,10554,12701,7206,2241,201,613,243,407,-11.3,-11.3,30.6,30.6,29.2,52.8,33.3,
5270,San Bernardino,San Bernardino Community College,Community College District,754739,561535,14.3,438471,92680,480986,73.7,12.3,411756,168571,119235,87342,19078,1765,4566,3664,7470,5.5,2.3,43.1,48.6,38.9,41.7,47.2,
5271,San Bernardino,Victor Valley Community College,Community College District,422642,304876,16.9,211701,65299,342988,73.6,21.5,235274,79253,84376,48399,13837,926,2801,2136,3507,-18.3,-19.2,9.7,16.7,11.1,20.8,20.8,
32,Riverside,Riverside County,County,2417430,1822754,15.2,1201327,89672,510300,68.9,13.2,1432442,546116,464098,306865,68183,5534,15478,9924,13792,-0.1,-1.3,51.7,60.3,51.7,44.8,55.2,
564,Riverside,City of Banning,City,29505,23308,28.7,13427,57699,322900,71.5,15.3,19594,7300,6567,3951,1087,78,199,170,212,-4.2,-3.4,25.7,35.9,24.7,27.6,36.5,
566,Riverside,City of Beaumont,City,53036,38591,13.7,22546,105164,464000,80.1,12.2,37294,13226,13358,7711,1909,130,391,218,310,-8.0,-8.7,21.2,21.6,18.5,19.9,32.4,
579,Riverside,City of Blythe,City,18317,14954,9.8,10873,51984,203800,59.7,26.9,5740,1856,2113,1302,280,18,44,69,40,-15.4,-19.7,26.4,40.9,14.9,7.9,21.8,
592,Riverside,City of Calimesa,City,10026,8024,22.9,2894,90313,423300,92.2,7.4,8054,2124,3813,1388,503,21,96,37,59,-32.1,-31.3,5.8,5.2,5.0,7.1,10.6,
597,Riverside,City of Canyon Lake,City,11082,8809,22.5,1668,124948,647300,79.0,7.5,8441,1320,5249,1200,442,28,112,21,65,-55.0,-56.0,0.6,0.6,0.8,1.0,0.8,
603,Riverside,City of Cathedral City,City,51493,40393,19.1,30893,67031,420700,65.3,16.6,29477,15443,5875,6110,1200,118,222,233,222,39.6,37.0,90.7,92.1,78.6,72.6,81.3,
617,Riverside,City of Coachella,City,41941,28394,9.0,40421,67558,341300,65.9,30.3,18409,10080,2706,4518,524,88,150,205,92,46.1,26.8,94.8,97.9,74.7,72.8,86.9,
628,Riverside,City of Corona,City,157136,118958,11.8,73102,106438,656500,63.4,9.0,93144,33283,32615,20139,4104,404,972,537,918,-4.9,-6.1,23.9,26.8,24.3,23.4,37.1,
646,Riverside,City of Desert Hot Springs,City,32512,23341,12.3,19887,50349,309300,49.9,27.3,15210,6671,3591,3602,788,82,148,169,128,22.2,16.1,79.1,85.7,61.8,63.5,74.9,
657,Riverside,City of Eastvale,City,69757,49529,8.7,26164,161322,752000,80.2,5.3,41018,15259,13165,10003,1521,124,336,195,357,-0.5,-4.3,36.7,30.1,27.8,21.2,43.6,
709,Riverside,City of Hemet,City,89833,68489,21.9,40796,53623,314200,63.1,21.6,51155,18766,16847,11009,2812,201,485,458,485,-5.6,-5.1,33.0,41.7,23.4,22.0,40.0,
724,Riverside,City of Indian Wells,City,4757,4442,56.1,310,145313,1002200,77.3,7.1,3380,918,1665,518,207,6,31,3,31,-21.6,-12.7,11.2,19.5,18.1,7.5,2.7,
725,Riverside,City of Indio,City,89137,66591,19.0,61606,78709,424700,68.3,19.3,47846,21195,13576,9631,2146,148,391,325,345,12.4,8.7,57.1,65.2,45.6,36.9,46.9,
733,Riverside,City of Jurupa Valley,City,105053,77731,11.3,74047,96190,538700,70.2,12.5,56535,23537,15676,13056,2201,229,562,496,635,4.7,-1.5,34.9,47.3,30.5,32.2,45.0,
744,Riverside,City of La Quinta,City,37558,31180,31.2,12852,97628,612800,74.8,7.1,25909,9355,9561,4826,1472,68,278,135,184,-3.7,0.4,35.5,37.8,35.9,25.9,24.3,
751,Riverside,City of Lake Elsinore,City,70265,50254,9.5,35854,96527,505700,71.6,14.2,40598,14534,13592,9120,1984,163,487,302,360,-7.0,-8.5,32.8,33.8,26.4,28.2,43.8,
792,Riverside,City of Menifee,City,102527,78298,17.8,38749,89183,487200,80.3,10.5,75790,24703,29597,15012,4013,266,912,371,796,-15.7,-12.8,17.2,18.5,14.3,17.2,24.1,
809,Riverside,City of Moreno Valley,City,208634,151583,9.5,128168,87477,461400,62.8,15.8,112359,52631,24825,26285,4394,439,1023,1105,1406,25.3,18.1,62.9,72.8,55.8,63.1,72.2,
814,Riverside,City of Murrieta,City,110949,82365,12.5,33925,109780,606900,69.3,8.2,71294,20565,29242,15031,4181,246,958,367,607,-20.3,-18.0,13.5,11.6,12.9,12.9,20.3,
822,Riverside,City of Norco,City,26316,21531,16.2,9494,125117,731900,81.8,8.4,15799,3473,8468,2628,724,43,203,65,166,-42.2,-43.4,1.2,1.2,2.5,2.3,1.7,
839,Riverside,City of Palm Desert,City,51163,44140,37.2,13315,79508,491600,64.4,10.5,34148,13226,11776,6339,1872,118,352,156,274,5.1,9.2,46.9,55.8,46.7,40.7,37.6,
840,Riverside,City of Palm Springs,City,44575,40241,34.0,11054,71979,567300,65.0,9.7,30271,19197,4439,4731,1222,102,215,125,209,59.0,61.3,96.5,94.4,94.0,88.6,84.4,
850,Riverside,City of Perris,City,78700,54132,8.2,59571,82523,431900,68.7,18.2,40025,19358,7802,10101,1388,167,322,397,383,30.8,18.8,71.6,85.9,58.9,64.1,80.3,
871,Riverside,City of Rancho Mirage,City,16999,15686,49.9,2260,109943,747800,82.1,5.5,13649,6397,4071,2229,701,32,99,22,85,20.2,26.8,50.2,58.1,62.2,51.5,34.0,
887,Riverside,City of Riverside,City,314998,241620,11.7,172386,88575,542100,56.3,12.3,170769,70474,49191,37372,7349,762,1906,1341,2082,9.4,7.2,39.0,48.3,39.8,42.1,53.3,
907,Riverside,City of San Jacinto,City,53898,38000,11.4,33013,78281,391600,73.0,20.9,28962,11326,8225,6946,1324,133,319,323,300,0.8,-3.6,38.6,48.1,28.4,31.5,48.1,
965,Riverside,City of Temecula,City,110003,81449,12.4,30366,117840,640400,67.7,7.7,72576,22084,28336,15506,4249,290,1077,316,621,-13.8,-10.3,22.0,17.6,19.3,16.6,25.1,
1003,Riverside,City of Wildomar,City,36875,27960,13.6,15075,95677,511900,75.2,10.4,24096,6680,10044,5168,1313,115,352,175,213,-26.9,-25.7,7.9,10.2,9.3,9.1,15.8,
2595,Riverside,Alvord Unified,Unified School District,111619,83930,11.1,70111,89081,532500,58.2,11.8,56808,24969,15305,12153,2144,244,589,484,916,10.0,5.5,54.4,68.6,49.7,49.1,68.0,16663
2596,Riverside,Banning Unified,Unified School District,35186,27767,25.3,16142,61491,319900,72.1,16.3,19332,7207,6609,3745,1095,68,222,163,221,-4.9,-4.5,37.2,47.7,36.1,40.4,46.5,4316
2597,Riverside,Beaumont Unified,Unified School District,65640,49191,17.9,25792,97665,452600,81.7,12.0,46839,16193,17866,8902,2430,157,543,263,480,-13.0,-12.9,25.3,27.6,27.6,26.5,38.1,18137
2598,Riverside,Corona-Norco Unified,Unified School District,277321,207427,12.1,120588,119950,684200,72.6,7.8,167179,59545,61365,34137,6877,583,1770,824,2065,-8.8,-9.9,31.7,32.3,32.6,28.5,42.2,50256
2599,Riverside,Desert Center Unified,Unified School District,273,222,22.8,87,72857,221200,67.2,10.9,88,19,44,17,8,,,,,-48.4,-40.4,6.7,16.9,2.6,13.4,4.9,25
2600,Riverside,Desert Sands Unified,Unified School District,187270,150519,28.8,89399,81186,476700,68.5,13.1,110478,45445,36910,19758,5367,332,1076,554,1029,4.6,6.1,56.4,65.7,52.9,44.8,48.3,25898
2601,Riverside,Hemet Unified,Unified School District,150641,115442,19.2,65381,60842,341300,68.1,19.8,86292,30073,31141,17201,4827,345,986,678,1027,-12.4,-12.1,32.3,39.0,29.4,28.2,42.4,22736
2602,Riverside,Jurupa Unified,Unified School District,105638,78163,10.9,74602,95331,527300,68.0,12.3,54052,23226,14922,11816,2053,212,541,455,824,4.8,-1.3,45.9,56.7,44.5,43.3,57.0,18015
2603,Riverside,Menifee Union,Elementary School District,108418,82064,17.3,38435,95220,520200,80.4,9.6,77213,25085,30706,14687,4024,283,1071,349,1000,-16.2,-14.1,45.6,47.9,43.0,42.6,53.5,13831
2604,Riverside,Moreno Valley Unified,Unified School District,182298,133035,9.8,112115,84876,460200,61.0,16.1,93719,44519,21030,20844,3561,370,885,923,1577,22.9,16.5,68.9,80.2,64.2,69.2,78.2,31344
2605,Riverside,Nuview Union,Elementary School District,10153,7608,10.4,6457,82108,493600,81.7,19.9,5775,1889,2181,1206,281,30,78,40,70,-24.8,-26.6,36.1,43.4,34.3,34.1,44.8,2142
2606,Riverside,Palm Springs Unified,Unified School District,175855,143396,24.7,80898,68171,422700,66.4,15.0,101915,54395,22098,18173,4369,415,871,652,933,37.8,37.5,89.8,92.7,84.9,79.9,81.7,20416
2607,Riverside,Palo Verde Unified,Unified School District,15202,11206,11.1,8776,51294,197000,60.5,24.7,6980,2291,2640,1466,347,24,57,69,86,-18.3,-22.0,32.6,47.4,24.4,12.5,29.7,3787
2608,Riverside,Perris Elementary,Elementary School District,50788,35426,9.6,39782,69752,379500,55.7,21.7,22000,10385,4568,5431,747,90,195,253,329,23.3,13.2,75.5,89.7,69.8,73.0,83.2,5538
2609,Riverside,Perris Union High,High School District,205070,151056,15.7,104043,95105,511100,80.9,10.8,128698,46309,45349,26306,6149,485,1588,783,1717,-9.5,-9.6,42.1,42.1,38.2,36.8,46.1,11973
2610,Riverside,Riverside Unified,Unified School District,257864,199779,12.3,125063,96291,582000,60.0,11.7,145821,58597,45905,29382,6351,674,1695,974,2230,5.1,3.9,40.4,48.8,46.8,47.7,54.4,39505
2611,Riverside,Romoland Elementary,Elementary School District,35704,25955,12.4,19366,96433,486300,82.2,12.4,23710,8950,7894,4982,1097,82,244,141,318,-4.5,-5.3,53.7,54.8,51.1,50.1,59.0,4617
2612,Riverside,San Jacinto Unified,Unified School District,56646,40098,12.9,34192,75173,379600,70.4,22.3,28275,11224,8121,6465,1314,128,320,302,399,0.7,-3.8,48.8,61.1,42.7,42.4,59.0,11970
2613,Riverside,Coachella Valley Unified,Unified School District,87283,61373,15.6,74685,61611,320500,70.2,26.2,35583,17930,7692,7672,1236,146,273,340,293,23.8,16.4,84.0,95.6,69.8,68.0,58.4,16276
2614,Riverside,Lake Elsinore Unified,Unified School District,136988,101498,11.4,62549,97721,516200,72.8,12.4,80759,25453,31862,16519,4022,349,1102,565,878,-20.6,-20.5,23.8,28.8,25.0,24.7,34.3,21257
2615,Riverside,Temecula Valley Unified,Unified School District,162524,118980,13.1,44649,121927,650100,72.8,6.9,106163,32169,42770,21595,6039,423,1602,435,1126,-16.3,-12.9,29.1,26.2,29.7,24.1,30.2,28094
2616,Riverside,Murrieta Valley Unified,Unified School District,113207,84487,13.0,33568,111700,621300,71.0,8.0,71497,20633,30265,14157,4106,253,983,356,736,-22.1,-19.2,21.5,20.6,23.0,18.9,25.9,22317
2617,Riverside,Val Verde Unified,Unified School District,89444,63551,8.8,61500,95496,449800,74.9,15.0,46225,22501,9644,10728,1631,182,414,439,686,25.9,16.1,73.3,83.4,65.7,71.5,80.2,19361
2649,Riverside,Colton Joint Unified,Unified School District,118083,87890,11.7,84189,77469,449300,59.1,16.4,61396,28169,14052,13991,2582,244,595,601,1154,19.3,10.6,64.2,75.0,55.5,57.6,70.9,18912
2666,Riverside,Yucaipa-Calimesa Joint Unified,Unified School District,63049,48348,17.0,21250,93911,469800,74.1,13.6,41767,10344,20440,7147,2470,139,587,199,432,-35.7,-35.1,11.3,11.3,8.7,9.3,16.3,9519
5265,Riverside,Desert Community College,Community College District,450707,355529,16.8,245086,57496,305148,75.4,14.2,248068,117790,66745,45622,10980,893,2220,1546,2255,20.6,20.5,68.1,87.5,59.7,54.2,40.3,
5266,Riverside,Mt. San Jacinto Community College,Community College District,925611,688321,18.7,386140,97056,519026,79.5,10.8,567624,189149,213913,114857,29973,2206,7346,3545,6581,-14.3,-13.4,11.1,15.3,18.1,13.9,22.2,
5267,Riverside,Palo Verde Community College,Community College District,22322,16879,20.9,10389,53340,171633,62.6,23.7,9987,3102,3946,2044,566,34,90,91,114,-20.5,-22.5,23.6,38.9,12.5,11.1,18.1,
5268,Riverside,Riverside Community College,Community College District,1024657,766216,12.8,564262,116947,613776,74.2,8.9,564085,233479,168269,119101,22628,2267,5895,4099,8301,4.9,1.8,38.9,43.1,37.5,36.1,45.8,
48,Orange,Orange County,County,3193043,2525705,15.6,1090289,113702,915500,56.4,9.3,1910653,693333,651636,444872,77664,7696,21201,9742,4343,1.4,2.7,44.8,46.6,56.9,53.5,53.5,
541,Orange,City of Aliso Viejo,City,52176,40578,10.6,9836,137970,863800,56.6,6.2,33272,12003,11010,7905,1598,159,432,106,56,7.2,8.6,42.7,30.9,43.8,49.6,45.2,
545,Orange,City of Anaheim,City,346824,268424,12.6,186651,90583,771700,45.9,15.6,179773,75963,50886,42105,6419,756,1800,1316,509,10.7,9.1,46.3,51.2,42.3,43.0,65.2,
582,Orange,City of Brea,City,47325,37313,16.6,12972,124837,874300,60.3,6.7,30886,10557,11660,6912,1185,100,305,102,63,-5.4,-1.3,16.8,15.8,20.8,22.6,28.0,
586,Orange,City of Buena Park,City,84034,65948,14.0,34330,108187,771900,56.1,11.5,46505,18653,13778,11488,1569,168,445,287,112,7.3,5.0,44.6,48.6,36.7,39.2,60.6,
631,Orange,City of Costa Mesa,City,111918,90385,13.0,40795,110073,1054700,39.4,9.5,64099,23065,21433,14625,3121,327,1008,336,182,5.7,5.2,38.2,38.0,49.2,54.4,51.9,
638,Orange,City of Cypress,City,50151,39417,15.6,10689,124167,870100,67.2,9.0,32619,11748,11066,7869,1258,155,338,120,63,1.0,3.0,25.5,25.1,27.2,28.6,35.7,
640,Orange,City of Dana Point,City,33107,28031,22.7,6294,127246,1200900,62.7,4.7,24537,7296,10267,4959,1399,91,355,79,89,-10.0,-6.6,10.0,12.0,27.4,24.5,14.3,
683,Orange,City of Fountain Valley,City,57047,46434,20.2,8837,111797,1018600,66.1,10.7,39289,12559,15178,9231,1517,147,410,173,68,-7.3,-5.1,17.8,23.0,22.0,26.8,30.3,
687,Orange,City of Fullerton,City,143617,114205,14.5,54225,104219,859600,51.5,11.4,81933,32394,25550,19088,2954,352,876,390,315,8.5,10.5,39.2,36.9,40.3,46.9,52.9,
689,Orange,City of Garden Grove,City,171949,135980,14.8,64102,90166,765500,53.6,16.4,96289,35244,31174,24357,3197,366,935,765,242,-0.2,-2.6,42.5,58.3,34.0,31.3,65.8,
719,Orange,City of Huntington Beach,City,198711,163183,19.1,39457,119885,1047300,55.8,7.5,136377,41146,56724,28480,6735,534,1905,515,318,-10.6,-8.8,12.0,13.9,23.0,27.8,23.0,
729,Orange,City of Irvine,City,307670,243137,10.7,35855,129647,1115400,43.8,6.7,163533,63937,42004,49189,5338,809,1397,611,236,23.1,21.4,66.0,51.5,58.7,67.6,64.3,
738,Orange,City of La Habra,City,63097,48915,14.8,37439,98158,716700,58.3,11.0,35777,14600,11385,7567,1437,141,366,193,83,4.8,4.2,34.2,31.1,30.7,32.8,48.8,
742,Orange,City of La Palma,City,15581,12645,21.2,2939,115833,916600,68.6,6.0,10153,3959,3282,2454,303,33,72,33,14,6.2,7.8,31.7,25.9,31.3,29.9,36.1,
747,Orange,City of Laguna Beach,City,23032,19742,27.7,2155,140508,2000001,64.3,4.3,18179,7647,5184,3914,972,98,252,58,53,22.0,25.3,36.5,40.3,69.9,77.4,31.1,
748,Orange,City of Laguna Hills,City,31374,25330,20.2,7489,122778,944000,71.4,6.0,20549,6929,7538,4698,903,84,247,103,46,-0.7,0.0,28.4,22.0,33.8,35.1,25.5,
749,Orange,City of Laguna Niguel,City,64355,52656,21.0,10510,140605,1123000,66.5,5.5,46537,15110,17706,10129,2548,168,608,184,83,-2.7,0.0,19.5,16.4,32.0,31.1,19.5,
750,Orange,City of Laguna Woods,City,17644,17539,82.9,939,60235,364900,71.4,4.5,15559,6388,5280,3077,653,33,73,47,7,10.9,16.0,60.0,53.3,44.6,58.9,59.5,
752,Orange,City of Lake Forest,City,85858,67544,14.9,21945,131378,876300,70.7,6.8,56016,19409,20003,12905,2425,249,638,262,122,0.3,3.6,24.9,23.7,30.3,34.2,29.5,
772,Orange,City of Los Alamitos,City,11780,9006,13.9,3026,98539,1003900,41.0,9.2,7549,2663,2744,1590,359,40,111,33,8,-1.7,0.8,19.7,27.2,30.1,32.6,39.6,
798,Orange,City of Mission Viejo,City,93653,76032,22.4,17986,136071,946300,77.5,6.6,67599,22302,26219,14514,3185,258,758,232,127,-5.0,-1.0,14.5,11.4,25.1,22.8,17.2,
821,Orange,City of Newport Beach,City,85239,71377,23.5,8190,158461,2000001,53.1,3.3,61171,15210,29170,12763,2889,169,727,124,113,-20.0,-16.9,4.8,6.6,21.2,16.0,5.2,
831,Orange,City of Orange,City,139911,111818,14.7,57575,116945,900700,58.1,8.2,82455,29996,29050,17871,3531,362,1032,434,175,-0.3,3.0,23.2,20.5,31.1,35.9,33.0,
857,Orange,City of Placentia,City,51824,40256,14.5,19691,110575,871000,63.3,8.6,33388,11678,12166,7474,1378,124,346,137,83,-2.9,0.3,19.1,22.2,25.7,26.4,32.8,
873,Orange,City of Rancho Santa Margarita,City,47949,37022,11.2,10297,146827,907900,73.4,3.5,32349,10110,12991,7060,1511,120,384,102,71,-8.8,-4.2,13.9,11.8,19.5,18.1,19.1,
901,Orange,City of San Clemente,City,64293,50734,20.5,11679,134735,1220500,64.3,5.3,46380,12761,20751,9263,2533,154,636,134,143,-17.2,-13.7,7.7,6.0,17.2,15.2,8.1,
911,Orange,City of San Juan Capistrano,City,35196,27658,20.4,13704,127893,929700,78.5,4.0,23742,7414,9604,5002,1173,72,321,93,61,-11.1,-7.9,9.8,14.3,20.1,21.6,14.1,
922,Orange,City of Santa Ana,City,310227,233173,11.1,238022,88354,657800,44.6,13.4,140076,69824,28591,33677,4188,657,1354,1444,334,30.1,23.7,64.9,79.7,58.5,61.2,85.3,
936,Orange,City of Seal Beach,City,25242,22160,43.8,3153,83045,492200,75.9,4.4,19520,7070,7793,3454,868,63,188,46,35,-0.2,5.3,21.6,20.3,32.6,29.3,25.9,
956,Orange,City of Stanton,City,37962,29335,14.0,18807,81455,541000,51.1,18.1,19216,8042,5337,4745,626,101,168,150,43,9.5,5.6,57.9,76.8,42.7,39.6,80.7,
976,Orange,City of Tustin,City,80276,61800,13.2,32712,108435,890600,50.9,9.8,44285,17711,12375,11461,1710,210,493,235,87,15.3,15.6,48.6,44.6,48.8,52.1,56.9,
986,Orange,City of Villa Park,City,5843,4789,30.5,724,204750,1686200,88.2,3.0,4765,1057,2465,973,185,12,57,9,7,-30.4,-26.2,1.0,0.4,7.1,5.4,0.4,
999,Orange,City of Westminster,City,90911,73525,17.7,22345,82686,820000,52.2,17.3,55616,18312,19698,14273,1998,177,541,472,136,-8.1,-9.0,39.4,57.1,28.0,24.7,62.7,
1012,Orange,City of Yorba Linda,City,68336,53637,19.9,12269,152060,1091700,82.5,4.4,49521,12813,23734,10154,2012,137,499,100,71,-25.8,-21.3,3.1,2.3,7.3,4.2,3.5,
2550,Orange,Lowell Joint,Elementary School District,35355,28032,18.0,17690,120013,824700,69.2,7.3,23063,8771,8376,4374,932,83,262,100,157,-4.3,-2.3,43.6,42.0,49.9,43.0,54.2,3029
2551,Orange,Anaheim Elementary,Elementary School District,202629,155808,10.4,129268,85067,705600,41.4,16.5,94208,44179,22095,22406,2941,393,972,814,401,22.6,18.1,76.5,84.2,70.6,69.8,91.1,14775
2552,Orange,Anaheim Union High,High School District,399444,309626,12.8,205696,90075,743700,46.9,15.2,200550,87395,53619,47936,6595,846,1987,1446,697,13.6,10.8,65.8,71.1,64.5,63.2,84.2,27195
2553,Orange,Brea-Olinda Unified,Unified School District,43062,33798,16.1,11633,125859,885200,57.2,7.2,27184,9331,10142,6163,1004,84,311,98,50,-4.2,-0.6,30.2,27.0,35.2,36.1,41.6,5895
2554,Orange,Buena Park Elementary,Elementary School District,50303,39496,13.3,21838,101108,783800,45.5,13.4,25233,10735,6849,6393,731,89,222,142,69,12.6,9.8,69.8,73.6,64.7,61.9,85.6,3784
2555,Orange,Capistrano Unified,Unified School District,361814,285542,18.0,68432,142735,1082600,68.9,5.1,252886,79105,102489,53445,12281,799,3294,785,649,-8.7,-5.2,24.4,23.6,36.9,34.3,23.3,48326
2556,Orange,Centralia Elementary,Elementary School District,56696,44826,18.2,21258,98308,788400,54.9,13.0,31250,12587,9463,7441,1093,97,305,174,84,5.8,3.8,61.5,63.3,58.2,55.4,73.4,4052
2557,Orange,Cypress Elementary,Elementary School District,46260,36305,14.3,10240,129055,868200,68.7,8.1,29809,11138,9865,7155,1064,122,274,125,53,2.6,3.8,51.9,50.7,54.2,53.1,60.8,3319
2558,Orange,Fountain Valley Elementary,Elementary School District,55554,44639,19.7,8117,125560,1031900,72.7,7.9,38995,12181,15688,8681,1618,141,465,137,70,-8.6,-6.0,40.0,44.4,49.5,50.5,51.1,6036
2559,Orange,Fullerton Elementary,Elementary School District,124974,99212,15.4,47038,109233,868400,54.2,11.8,70782,28103,22192,16360,2378,301,771,339,327,8.2,10.1,59.2,58.8,62.3,63.3,71.2,11439
2560,Orange,Fullerton Joint Union High,High School District,262335,206987,15.2,117343,105667,812400,56.0,11.5,147779,59428,46379,33311,5118,594,1545,730,646,6.3,7.0,48.7,51.3,55.3,52.6,67.1,12826
2561,Orange,Garden Grove Unified,Unified School District,276538,219688,15.7,104344,89361,742500,56.4,16.2,152409,56955,49207,37822,4766,516,1476,1199,440,-0.4,-2.7,50.9,72.1,45.4,41.3,74.4,37763
2562,Orange,Huntington Beach City Elementary,Elementary School District,84566,70572,21.1,12546,126194,1123800,57.9,5.6,61375,17920,26185,12763,2964,255,935,189,148,-12.5,-10.3,36.9,40.0,50.5,49.1,45.6,4974
2563,Orange,Huntington Beach Union High,High School District,323269,263057,18.5,70022,110788,989600,55.5,10.2,211988,66846,83453,47287,9104,846,2821,1010,571,-9.4,-7.8,32.9,36.8,42.1,44.7,42.1,14104
2564,Orange,Laguna Beach Unified,Unified School District,28188,23914,29.4,2703,141490,2000001,66.8,4.1,21996,8905,6725,4728,1075,119,308,66,64,16.9,19.8,41.3,47.1,73.3,77.6,37.2,2386
2565,Orange,La Habra City Elementary,Elementary School District,51676,40227,15.5,30763,95840,684400,61.0,11.6,28701,11819,8962,6184,1077,121,290,149,93,5.4,4.5,58.2,57.2,56.8,55.2,70.8,4298
2566,Orange,Magnolia Elementary,Elementary School District,64098,49237,12.1,33006,78399,704300,38.3,19.9,29531,13021,7554,7233,960,148,269,224,121,13.2,8.1,74.6,85.4,66.1,62.7,91.5,4920
2567,Orange,Newport-Mesa Unified,Unified School District,195988,160824,17.5,49052,127813,1452700,46.1,6.6,123238,38272,49680,26723,5556,479,1769,401,336,-7.6,-5.8,26.2,30.5,46.2,45.4,33.1,17768
2568,Orange,Ocean View,Elementary School District,97845,79822,17.5,24012,112157,990300,49.7,9.8,62563,20025,24578,13519,2808,261,888,274,194,-8.4,-7.1,44.4,48.9,51.7,52.7,58.6,6868
2569,Orange,Orange Unified,Unified School District,224593,179091,15.6,85419,121847,926700,61.8,8.6,134813,47423,49818,29063,5411,503,1670,619,286,-4.3,-1.1,28.5,26.7,38.4,39.2,36.3,25364
2570,Orange,Placentia-Yorba Linda Unified,Unified School District,165673,129357,15.5,53070,119648,947500,66.3,7.6,104372,33252,42668,22294,4047,352,1126,354,259,-13.1,-8.9,19.2,20.9,28.2,23.6,27.3,22705
2571,Orange,Santa Ana Unified,Unified School District,243734,183733,10.4,192755,92297,676000,41.9,12.9,103715,54075,19195,24572,2990,481,1062,1044,284,35.8,27.9,76.5,86.6,72.4,73.3,90.1,40328
2572,Orange,Savanna Elementary,Elementary School District,29693,23398,17.9,11904,82948,662400,49.0,13.7,15752,6470,4642,3701,537,86,167,109,38,5.1,3.1,63.1,67.5,60.2,56.2,79.3,1735
2573,Orange,Westminster,Elementary School District,85283,68008,16.3,25345,81820,827000,48.1,18.4,49055,16720,17002,12324,1714,189,533,410,159,-6.6,-6.7,58.6,68.1,54.4,50.3,76.5,7950
2574,Orange,Saddleback Valley Unified,Unified School District,221059,178357,21.8,50184,120736,842400,72.3,5.8,148930,51800,54674,32906,6312,559,1766,562,333,-0.8,2.7,35.8,33.1,43.0,42.7,38.4,23199
2575,Orange,Tustin Unified,Unified School District,143570,110836,13.0,48608,120739,1022400,53.3,8.4,82250,31308,25659,20401,3005,342,983,365,174,9.0,10.7,46.8,40.4,52.6,54.1,51.7,21600
2576,Orange,Irvine Unified,Unified School District,272844,215035,10.8,32188,130992,1110200,45.6,6.5,140072,56191,35279,41743,4190,645,1227,533,251,23.8,22.1,75.6,64.0,69.2,75.0,71.8,37952
2577,Orange,Los Alamitos Unified,Unified School District,49946,41077,30.9,8206,104275,1001500,72.0,4.9,36204,12884,14386,6745,1501,128,402,91,58,-1.9,2.8,27.3,27.9,43.3,38.4,31.7,8931
5256,Orange,Coast Community College,Community College District,651790,533124,19.5,151998,129669,1166412,57.6,9.1,415322,133359,161234,93313,17275,1577,5367,1992,1118,-7.7,-6.7,12.5,23.6,27.8,27.8,31.9,
5259,Orange,North Orange County Community College,Community College District,950011,742181,15.2,409434,131380,903698,63.1,9.3,530647,207391,171535,120754,18661,2069,5517,2847,1784,2.8,3.5,31.9,31.9,33.3,30.6,43.1,
5260,Orange,Rancho Santiago Community College,Community College District,572080,443297,12.6,334598,128375,895598,57.9,7.5,288441,122729,82652,65988,9824,1157,3201,2132,717,10.3,9.3,45.8,47.2,45.8,45.8,56.9,
5262,Orange,South Orange County Community College,Community College District,1039682,823548,15.7,203977,156397,1235289,65.8,4.6,654485,229834,228122,155248,27215,2492,7665,2333,1481,2.7,5.1,26.4,19.4,43.1,38.9,25.0,
49,Imperial,Imperial County,County,173622,126124,13.5,149519,56393,279500,56.8,27.7,93991,41094,23152,23939,2928,308,738,859,371,12.0,-0.9,77.6,87.9,55.2,41.4,72.4,
581,Imperial,City of Brawley,City,26416,18590,12.5,22750,60370,270100,53.4,29.7,13612,5803,3627,3242,511,37,112,146,50,7.0,-4.6,45.0,47.7,24.5,19.7,44.6,
590,Imperial,City of Calexico,City,38633,28687,16.2,37548,50021,281700,51.4,40.0,22594,11362,3492,6530,498,85,123,223,79,38.9,17.3,96.9,95.9,60.0,40.5,77.4,
593,Imperial,City of Calipatria,City,6515,5294,7.8,4960,52672,172900,63.6,37.1,1563,650,377,433,61,6,9,17,3,13.2,-2.4,61.8,74.5,35.3,51.7,60.0,
659,Imperial,City of El Centro,City,44322,32480,13.3,38566,56093,291100,50.0,26.3,24200,10768,5917,6032,753,88,192,205,103,14.7,3.0,68.5,69.9,35.7,30.9,60.2,
717,Imperial,City of Holtville,City,5605,4122,18.6,4763,63438,268800,51.9,26.3,3037,1296,783,777,77,9,42,31,12,5.1,-4.6,54.2,69.1,25.3,15.6,47.7,
722,Imperial,City of Imperial,City,20263,14062,10.0,16757,83214,344700,65.5,17.4,12743,4735,4093,3157,405,33,124,83,52,-6.2,-17.0,43.4,38.6,19.1,14.1,42.7,
1000,Imperial,City of Westmorland,City,2014,1358,14.1,1786,28929,218600,47.2,45.5,838,408,160,230,16,1,5,8,5,22.5,14.9,55.6,65.4,34.2,30.5,63.9,
2274,Imperial,Brawley Elementary,Elementary School District,27135,19146,12.5,23269,60526,271200,53.7,29.8,13147,5771,3410,3023,504,33,119,132,149,6.0,-5.5,65.5,71.0,57.2,47.9,59.8,3901
2275,Imperial,Brawley Union High,High School District,29637,20905,12.7,25354,58402,270300,53.0,30.1,14229,6262,3692,3282,522,33,129,138,164,5.7,-5.1,61.8,68.4,48.7,38.2,47.4,2022
2276,Imperial,Calexico Unified,Unified School District,39561,29554,16.2,38010,50227,281900,51.5,39.9,21710,11323,2998,6185,446,89,136,216,313,38.9,17.4,97.7,98.6,75.6,78.5,73.3,8146
2277,Imperial,Calipatria Unified,Unified School District,5636,4060,11.1,4304,42350,170500,59.6,37.1,2313,962,584,594,104,12,11,25,20,6.0,-5.1,67.2,72.7,53.2,45.6,56.1,1086
2278,Imperial,Central Union High,High School District,59758,43666,12.5,52241,58366,284500,54.0,24.5,30920,14142,7269,7529,962,119,252,280,362,13.0,0.5,76.3,93.4,65.8,64.5,61.8,4023
2279,Imperial,El Centro Elementary,Elementary School District,41048,30192,13.9,36050,54116,266600,46.8,27.9,20804,9859,4524,5045,667,87,173,195,251,18.6,6.3,84.4,93.3,67.1,67.5,73.0,5433
2280,Imperial,Heber Elementary,Elementary School District,6977,4897,11.1,6777,75664,284300,70.4,19.7,3663,1835,650,974,84,10,27,35,48,28.1,5.5,96.1,99.4,73.0,71.4,83.4,1186
2281,Imperial,Holtville Unified,Unified School District,8006,5943,17.7,6333,72250,283800,53.6,23.3,4301,1657,1371,999,134,14,51,41,33,-9.3,-16.6,47.7,60.2,34.9,30.8,30.8,1582
2282,Imperial,Imperial Unified,Unified School District,21028,14918,10.1,16650,79482,350400,66.1,16.8,12584,4743,4121,2911,441,34,127,69,135,-9.7,-19.6,49.4,56.1,40.7,23.3,39.2,4672
2283,Imperial,Magnolia Union Elementary,Elementary School District,126,103,16.3,65,42422,341700,26.8,0.0,63,14,31,17,,,1,,,-52.8,-52.9,14.2,2.6,22.9,11.4,2.8,114
2284,Imperial,McCabe Union Elementary,Elementary School District,6947,4974,7.0,5357,105625,390400,83.7,7.7,4269,1464,1562,1008,134,12,35,19,34,-14.0,-23.1,55.2,56.2,49.1,39.3,45.8,1164
2285,Imperial,Meadows Union,Elementary School District,2197,1713,14.4,1995,45183,60500,62.0,23.3,978,464,226,223,26,4,5,17,13,8.9,-1.7,68.8,96.8,53.1,48.1,71.6,370
2286,Imperial,Mulberry Elementary,Elementary School District,117,89,15.6,72,72969,279200,33.3,3.5,61,17,33,8,,,1,1,1,-56.2,-51.2,7.9,4.7,12.8,24.7,15.4,69
2287,Imperial,San Pasqual Valley Unified,Unified School District,2983,2170,14.0,1018,33155,76100,53.5,36.6,790,342,181,178,60,5,5,6,13,13.1,17.6,76.7,80.5,58.1,55.8,67.2,589
2288,Imperial,Seeley Union Elementary,Elementary School District,2580,1885,8.3,2055,58472,168300,50.1,23.8,1206,520,307,279,51,6,12,14,16,-2.0,-11.0,76.3,84.4,63.9,61.3,71.8,337
2289,Imperial,Westmorland Union Elementary,Elementary School District,2259,1567,13.5,1948,38526,238400,48.8,40.6,958,460,218,234,18,,8,5,14,12.3,6.6,66.5,67.3,56.6,51.1,61.9,323
2613,Imperial,Coachella Valley Unified,Unified School District,87283,61373,15.6,74685,61611,320500,70.2,26.2,35583,17930,7692,7672,1236,146,273,340,293,23.8,16.4,84.0,95.6,69.8,68.0,58.4,16276
5205,Imperial,Imperial Community College,Community College District,166609,121216,12.9,143911,35171,155980,62.9,18.6,86843,39430,20215,21676,2669,306,711,775,1040,12.6,-0.7,73.6,93.1,47.2,44.4,41.7,
5265,Imperial,Desert Community College,Community College District,450707,355529,16.8,245086,57496,305148,75.4,14.2,248068,117790,66745,45622,10980,893,2220,1546,2255,20.6,20.5,68.1,87.5,59.7,54.2,40.3,
